YYYYMMSOON,가락시장 품목코드(5자리),품목(품종)명,거래단위,등급(특 5% 상 35% 중 40% 하 20%),평균가격(원),전순 평균가격(원) PreVious SOON,전달 평균가격(원) PreVious MMonth,전년 평균가격(원) PreVious YeaR,평년 평균가격(원) Common Year SOON
201801상순,21100,배추,10키로망대,상,5419.85714285714,5293.33333333333,5242.125,9213.42857142857,6071.72619047619
201801중순,21100,배추,10키로망대,상,5319.33333333333,5419.85714285714,5553.22222222222,9083.77777777777,5938.14351851851
201801하순,21100,배추,10키로망대,상,6734.77777777777,5319.33333333333,5293.33333333333,8292.16666666666,6245.35185185184
201802상순,21100,배추,10키로망대,상,8942.22222222222,6734.77777777777,5419.85714285714,9323.0,6413.72023809523
201802중순,21100,배추,10키로망대,상,7247.16666666666,8942.22222222222,5319.33333333333,9243.25,7099.14682539682
201802하순,21100,배추,10키로망대,상,7890.71428571428,7247.16666666666,6734.77777777777,8866.57142857143,7303.74603174603
201803상순,21100,배추,10키로망대,상,8168.22222222222,7890.71428571428,8942.22222222222,8641.0,7526.08333333333
201803중순,21100,배추,10키로망대,상,7796.625,8168.22222222222,7247.16666666666,8090.375,7194.05092592592
201803하순,21100,배추,10키로망대,상,7996.1,7796.625,7890.71428571428,6777.9,6674.0037037037
201804상순,21100,배추,10키로망대,상,7503.375,7996.1,8168.22222222222,6241.25,6520.00925925926
201804중순,21100,배추,10키로망대,상,7082.22222222222,7503.375,7796.625,5653.55555555555,6365.14814814814
201804하순,21100,배추,10키로망대,상,6637.25,7082.22222222222,7996.1,6812.75,6845.54629629629
201805상순,21100,배추,10키로망대,상,5589.44444444444,6637.25,7503.375,4340.44444444444,5822.19444444444
201805중순,21100,배추,10키로망대,상,4656.75,5589.44444444444,7082.22222222222,3352.88888888888,6993.99074074074
201805하순,21100,배추,10키로망대,상,3770.7,4656.75,6637.25,3292.44444444444,5554.24074074074
201806상순,21100,배추,10키로망대,상,3345.125,3770.7,5589.44444444444,3719.0,4441.91203703703
201806중순,21100,배추,10키로망대,상,4073.44444444444,3345.125,4656.75,3223.125,4604.60185185185
201806하순,21100,배추,10키로망대,상,4684.0,4073.44444444444,3770.7,3405.88888888888,4714.04629629629
201807상순,21100,배추,10키로망대,상,5479.25,4684.0,3345.125,4036.125,5034.54166666666
201807중순,21100,배추,10키로망대,상,7957.0,5479.25,4073.44444444444,8333.0,6220.87962962963
201807하순,21100,배추,10키로망대,상,11236.3333333333,7957.0,4684.0,12592.3333333333,6986.08148148148
201808상순,21100,배추,10키로망대,상,10779.125,11236.3333333333,5479.25,11745.375,8457.11309523809
201808중순,21100,배추,10키로망대,상,16234.625,10779.125,7957.0,14710.25,10555.0324074074
201808하순,21100,배추,10키로망대,상,17582.9,16234.625,11236.3333333333,15073.2,11641.4629629629
201809상순,21100,배추,10키로망대,상,10922.25,17582.9,10779.125,16348.25,11337.4583333333
201809중순,21100,배추,10키로망대,상,9809.88888888888,10922.25,16234.625,14384.5555555555,10195.5343915343
201809하순,21100,배추,10키로망대,상,7212.4,9809.88888888888,17582.9,12888.4444444444,8667.19576719576
201810상순,21100,배추,10키로망대,상,6274.66666666666,7212.4,10922.25,14563.4,7084.73611111111
201810중순,21100,배추,10키로망대,상,5449.11111111111,6274.66666666666,9809.88888888888,4193.44444444444,3897.27314814814
201810하순,21100,배추,10키로망대,상,5499.88888888888,5449.11111111111,7212.4,3432.55555555555,3537.95185185185
201811상순,21100,배추,10키로망대,상,5468.77777777777,5499.88888888888,6274.66666666666,4279.55555555555,3962.22685185185
201811중순,21100,배추,10키로망대,상,4930.875,5468.77777777777,5449.11111111111,5084.75,4969.13888888889
201811하순,21100,배추,10키로망대,상,4795.0,4930.875,5499.88888888888,5434.0,5794.5787037037
201812상순,21100,배추,10키로망대,상,4314.5,4795.0,5468.77777777777,5242.125,4583.59259259259
201812중순,21100,배추,10키로망대,상,3552.77777777777,4314.5,4930.875,5553.22222222222,4408.24537037037
201812하순,21100,배추,10키로망대,상,3268.11111111111,3552.77777777777,4795.0,5293.33333333333,4594.45555555555
201901상순,21100,배추,10키로망대,상,2927.0,3268.11111111111,4314.5,5419.85714285714,4807.20238095238
201901중순,21100,배추,10키로망대,상,2823.0,2927.0,3552.77777777777,5319.33333333333,4683.3287037037
201901하순,21100,배추,10키로망대,상,2783.4,2823.0,3268.11111111111,6734.77777777777,5726.22222222222
201902상순,21100,배추,10키로망대,상,3234.8,2783.4,2927.0,8942.22222222222,6319.66931216931
201902중순,21100,배추,10키로망대,상,2775.11111111111,3234.8,2823.0,7247.16666666666,6433.78571428571
201902하순,21100,배추,10키로망대,상,2484.14285714285,2775.11111111111,2783.4,7890.71428571428,6945.98412698412
201903상순,21100,배추,10키로망대,상,2480.375,2484.14285714285,3234.8,8168.22222222222,7111.61574074074
201903중순,21100,배추,10키로망대,상,2494.77777777777,2480.375,2775.11111111111,7796.625,6897.11111111111
201903하순,21100,배추,10키로망대,상,2483.11111111111,2494.77777777777,2484.14285714285,7996.1,6548.48148148148
201904상순,21100,배추,10키로망대,상,2466.11111111111,2483.11111111111,2480.375,7503.375,6073.61574074074
201904중순,21100,배추,10키로망대,상,2680.55555555555,2466.11111111111,2494.77777777777,7082.22222222222,5890.25925925926
201904하순,21100,배추,10키로망대,상,2643.375,2680.55555555555,2483.11111111111,6637.25,6329.29629629629
201905상순,21100,배추,10키로망대,상,2894.22222222222,2643.375,2466.11111111111,5589.44444444444,5567.04629629629
201905중순,21100,배추,10키로망대,상,3419.875,2894.22222222222,2680.55555555555,4656.75,6253.99074074074
201905하순,21100,배추,10키로망대,상,3744.2,3419.875,2643.375,3770.7,5155.97407407407
201906상순,21100,배추,10키로망대,상,4879.5,3744.2,2894.22222222222,3345.125,4184.0787037037
201906중순,21100,배추,10키로망대,상,5758.33333333333,4879.5,3419.875,4073.44444444444,4236.93518518518
201906하순,21100,배추,10키로망대,상,6127.625,5758.33333333333,3744.2,4684.0,4949.50462962963
201907상순,21100,배추,10키로망대,상,5524.44444444444,6127.625,4879.5,5479.25,5481.99537037037
201907중순,21100,배추,10키로망대,상,6093.66666666666,5524.44444444444,5758.33333333333,7957.0,6928.29629629629
201907하순,21100,배추,10키로망대,상,5911.77777777777,6093.66666666666,6127.625,11236.3333333333,8605.15555555555
201908상순,21100,배추,10키로망대,상,6699.875,5911.77777777777,5524.44444444444,10779.125,9211.15476190476
201908중순,21100,배추,10키로망대,상,6596.75,6699.875,6093.66666666666,16234.625,11988.824074074
201908하순,21100,배추,10키로망대,상,7692.5,6596.75,5911.77777777777,17582.9,13152.6629629629
201909상순,21100,배추,10키로망대,상,11855.25,7692.5,6699.875,10922.25,11664.1666666666
201909중순,21100,배추,10키로망대,상,13132.2857142857,11855.25,6596.75,9809.88888888888,10117.9259259259
201909하순,21100,배추,10키로망대,상,18167.625,13132.2857142857,7692.5,7212.4,8715.94814814814
201910상순,21100,배추,10키로망대,상,16388.2222222222,18167.625,11855.25,6274.66666666666,7458.36574074074
201910중순,21100,배추,10키로망대,상,13267.875,16388.2222222222,13132.2857142857,5449.11111111111,4491.81018518518
201910하순,21100,배추,10키로망대,상,9547.2,13267.875,18167.625,5499.88888888888,4098.91481481481
201911상순,21100,배추,10키로망대,상,8370.125,9547.2,16388.2222222222,5468.77777777777,4455.65277777777
201911중순,21100,배추,10키로망대,상,9176.33333333333,8370.125,13267.875,4930.875,4860.09722222222
201911하순,21100,배추,10키로망대,상,9162.55555555555,9176.33333333333,9547.2,4795.0,5265.54166666666
201912상순,21100,배추,10키로망대,상,8697.375,9162.55555555555,8370.125,4314.5,4390.13425925926
201912중순,21100,배추,10키로망대,상,8600.0,8697.375,9176.33333333333,3552.77777777777,4178.20833333333
201912하순,21100,배추,10키로망대,상,8820.33333333333,8600.0,9162.55555555555,3268.11111111111,4205.38148148148
202001상순,21100,배추,10키로망대,상,9272.71428571428,8820.33333333333,8697.375,2927.0,4321.45238095238
202001중순,21100,배추,10키로망대,상,8701.625,9272.71428571428,8600.0,2823.0,4363.74537037036
202001하순,21100,배추,10키로망대,상,8522.0,8701.625,8820.33333333333,2783.4,5546.91851851851
202002상순,21100,배추,10키로망대,상,8880.875,8522.0,9272.71428571428,3234.8,6176.86574074074
202002중순,21100,배추,10키로망대,상,9089.11111111111,8880.875,8701.625,2775.11111111111,6433.78571428571
202002하순,21100,배추,10키로망대,상,9076.5,9089.11111111111,8522.0,2484.14285714285,6945.98412698412
202003상순,21100,배추,10키로망대,상,8656.625,9076.5,8880.875,2480.375,7111.61574074074
202003중순,21100,배추,10키로망대,상,8288.0,8656.625,9089.11111111111,2494.77777777777,6897.11111111111
202003하순,21100,배추,10키로망대,상,8157.0,8288.0,9076.5,2483.11111111111,6548.48148148148
202004상순,21100,배추,10키로망대,상,7590.0,8157.0,8656.625,2466.11111111111,6073.61574074074
202004중순,21100,배추,10키로망대,상,8503.5,7590.0,8288.0,2680.55555555555,5890.25925925926
202004하순,21100,배추,10키로망대,상,11245.0,8503.5,8157.0,2643.375,6329.29629629629
202005상순,21100,배추,10키로망대,상,10653.75,11245.0,7590.0,2894.22222222222,5567.04629629629
202005중순,21100,배추,10키로망대,상,9588.77777777777,10653.75,8503.5,3419.875,6276.31944444444
202005하순,21100,배추,10키로망대,상,9949.77777777777,9588.77777777777,11245.0,3744.2,5306.55925925925
202006상순,21100,배추,10키로망대,상,7173.11111111111,9949.77777777777,10653.75,4879.5,4695.53703703703
202006중순,21100,배추,10키로망대,상,7488.33333333333,7173.11111111111,9588.77777777777,5758.33333333333,4909.34259259259
202006하순,21100,배추,10키로망대,상,7608.125,7488.33333333333,9949.77777777777,6127.625,5390.17129629629
202007상순,21100,배추,10키로망대,상,7897.44444444444,7608.125,7173.11111111111,5524.44444444444,5678.10648148148
202007중순,21100,배추,10키로망대,상,11235.625,7897.44444444444,7488.33333333333,6093.66666666666,6954.51851851851
202007하순,21100,배추,10키로망대,상,12039.8,11235.625,7608.125,5911.77777777777,8309.14814814814
202008상순,21100,배추,10키로망대,상,12338.7142857142,12039.8,7897.44444444444,6699.875,9260.875
202008중순,21100,배추,10키로망대,상,17104.3333333333,12338.7142857142,11235.625,6596.75,11988.824074074
202008하순,21100,배추,10키로망대,상,18618.4444444444,17104.3333333333,12039.8,7692.5,13449.5333333333
202009상순,21100,배추,10키로망대,상,19789.6666666666,18618.4444444444,12338.7142857142,11855.25,13041.9166666666
202009중순,21100,배추,10키로망대,상,25820.875,19789.6666666666,17104.3333333333,13132.2857142857,12442.2433862433
202009하순,21100,배추,10키로망대,상,24373.4444444444,25820.875,18618.4444444444,18167.625,12756.1564814814
202010상순,21100,배추,10키로망대,상,16984.5,24373.4444444444,19789.6666666666,16388.2222222222,10676.3138888888
202010중순,21100,배추,10키로망대,상,8203.625,16984.5,25820.875,13267.875,5846.66666666666
202010하순,21100,배추,10키로망대,상,6000.2,8203.625,24373.4444444444,9547.2,4952.66666666666
202011상순,21100,배추,10키로망대,상,5757.25,6000.2,16984.5,8370.125,5347.74074074074
202011중순,21100,배추,10키로망대,상,6674.33333333333,5757.25,8203.625,9176.33333333333,6397.31944444444
202011하순,21100,배추,10키로망대,상,5541.625,6674.33333333333,6000.2,9162.55555555555,6510.35648148148
202012상순,21100,배추,10키로망대,상,4002.22222222222,5541.625,5757.25,8697.375,5969.17129629629
202012중순,21100,배추,10키로망대,상,3782.125,4002.22222222222,6674.33333333333,8600.0,5902.0
202012하순,21100,배추,10키로망대,상,3372.8,3782.125,5541.625,8820.33333333333,6056.12222222222
202101상순,21100,배추,10키로망대,상,3315.16666666666,3372.8,4002.22222222222,9272.71428571428,6416.92857142857
202101중순,21100,배추,10키로망대,상,4904.55555555555,3315.16666666666,3782.125,8701.625,6306.5787037037
202101하순,21100,배추,10키로망대,상,5641.33333333333,4904.55555555555,3372.8,8522.0,7278.9074074074
202102상순,21100,배추,10키로망대,상,6297.33333333333,5641.33333333333,3315.16666666666,8880.875,8057.5324074074
202102중순,21100,배추,10키로망대,상,8420.57142857143,6297.33333333333,4904.55555555555,9089.11111111111,8174.87037037037
202102하순,21100,배추,10키로망대,상,8894.33333333333,8420.57142857143,5641.33333333333,9076.5,8573.7619047619
202103상순,21100,배추,10키로망대,상,9310.88888888888,8894.33333333333,6297.33333333333,8656.625,8488.61574074074
202103중순,21100,배추,10키로망대,상,9345.33333333333,9310.88888888888,8420.57142857143,8288.0,8058.33333333333
202103하순,21100,배추,10키로망대,상,9392.55555555555,9345.33333333333,8894.33333333333,8157.0,7643.66666666666
202104상순,21100,배추,10키로망대,상,9566.33333333333,9392.55555555555,9310.88888888888,7590.0,7111.54166666666
202104중순,21100,배추,10키로망대,상,9217.75,9566.33333333333,9345.33333333333,8503.5,7079.75925925926
202104하순,21100,배추,10키로망대,상,8996.77777777777,9217.75,9392.55555555555,11245.0,8231.66666666666
202105상순,21100,배추,10키로망대,상,6507.125,8996.77777777777,9566.33333333333,10653.75,6861.21296296296
202105중순,21100,배추,10키로망대,상,4590.88888888888,6507.125,9217.75,9588.77777777777,5888.46759259259
202105하순,21100,배추,10키로망대,상,5712.77777777777,4590.88888888888,8996.77777777777,9949.77777777777,5306.55925925925
202106상순,21100,배추,10키로망대,상,6225.66666666666,5712.77777777777,6507.125,7173.11111111111,4695.53703703703
202106중순,21100,배추,10키로망대,상,5418.375,6225.66666666666,4590.88888888888,7488.33333333333,4909.34259259259
202106하순,21100,배추,10키로망대,상,5138.0,5418.375,5712.77777777777,7608.125,5390.17129629629
202107상순,21100,배추,10키로망대,상,4671.66666666666,5138.0,6225.66666666666,7897.44444444444,5678.10648148148
202107중순,21100,배추,10키로망대,상,4782.25,4671.66666666666,5418.375,11235.625,7700.96296296296
202107하순,21100,배추,10키로망대,상,6819.3,4782.25,5138.0,12039.8,10351.8222222222
202108상순,21100,배추,10키로망대,상,10284.2857142857,6819.3,4671.66666666666,12338.7142857142,10942.7083333333
202108중순,21100,배추,10키로망대,상,8024.77777777777,10284.2857142857,4782.25,17104.3333333333,15009.0694444444
202108하순,21100,배추,10키로망대,상,9006.77777777777,8024.77777777777,6819.3,18618.4444444444,17091.5148148148
202109상순,21100,배추,10키로망대,상,11554.3333333333,9006.77777777777,10284.2857142857,19789.6666666666,15997.7222222222
202109중순,21100,배추,10키로망대,상,13765.2857142857,11554.3333333333,8024.77777777777,25820.875,15039.6804232804
202109하순,21100,배추,10키로망대,상,9141.5,13765.2857142857,9006.77777777777,24373.4444444444,16509.6898148148
202110상순,21100,배추,10키로망대,상,6351.25,9141.5,11554.3333333333,16984.5,14047.499074074
202110중순,21100,배추,10키로망대,상,4705.66666666666,6351.25,13765.2857142857,8203.625,7183.39351851851
202110하순,21100,배추,10키로망대,상,6465.66666666666,4705.66666666666,9141.5,6000.2,5808.54814814814
202111상순,21100,배추,10키로망대,상,9495.0,6465.66666666666,6351.25,5757.25,5840.30555555555
202111중순,21100,배추,10키로망대,상,10626.8888888888,9495.0,4705.66666666666,6674.33333333333,6978.47222222222
202111하순,21100,배추,10키로망대,상,9273.25,10626.8888888888,6465.66666666666,5541.625,6501.68981481481
202112상순,21100,배추,10키로망대,상,8281.77777777777,9273.25,9495.0,4002.22222222222,5969.17129629629
202112중순,21100,배추,10키로망대,상,7667.375,8281.77777777777,10626.8888888888,3782.125,5978.44907407407
202112하순,21100,배추,10키로망대,상,7763.2,7667.375,9273.25,3372.8,5828.82222222222
202201상순,21100,배추,10키로망대,상,7795.57142857142,7763.2,8281.77777777777,3315.16666666666,5982.81746031745
202201중순,21100,배추,10키로망대,상,7691.55555555555,7795.57142857142,7667.375,4904.55555555555,6308.50462962962
202201하순,21100,배추,10키로망대,상,7684.75,7691.55555555555,7763.2,5641.33333333333,6889.42592592592
202202상순,21100,배추,10키로망대,상,8355.0,7684.75,7795.57142857142,6297.33333333333,8040.14351851851
202202중순,21100,배추,10키로망대,상,8383.75,8355.0,7691.55555555555,8420.57142857143,8252.28306878307
202202하순,21100,배추,10키로망대,상,8567.14285714285,8383.75,7684.75,8894.33333333333,8550.53968253968
202203상순,21100,배추,10키로망대,상,8614.77777777777,8567.14285714285,8355.0,9310.88888888888,8488.61574074073
202203중순,21100,배추,10키로망대,상,9176.25,8614.77777777777,8383.75,9345.33333333333,8058.33333333333
202203하순,21100,배추,10키로망대,상,9703.9,9176.25,8567.14285714285,9392.55555555555,7643.66666666666
202204상순,21100,배추,10키로망대,상,10315.125,9703.9,8614.77777777777,9566.33333333333,7111.54166666666
202204중순,21100,배추,10키로망대,상,10429.4444444444,10315.125,9176.25,9217.75,7079.75925925926
202204하순,21100,배추,10키로망대,상,10479.7777777777,10429.4444444444,9703.9,8996.77777777777,7482.25925925926
202205상순,21100,배추,10키로망대,상,9817.875,10479.7777777777,10315.125,6507.125,5479.00462962963
202205중순,21100,배추,10키로망대,상,8768.22222222222,9817.875,10429.4444444444,4590.88888888888,4222.50462962962
202205하순,21100,배추,10키로망대,상,7693.66666666666,8768.22222222222,10479.7777777777,5712.77777777777,4409.22592592592
202206상순,21100,배추,10키로망대,상,8901.55555555555,7693.66666666666,9817.875,6225.66666666666,4941.38888888888
202206중순,21100,배추,10키로망대,상,8013.0,8901.55555555555,8768.22222222222,5418.375,5083.38425925925
202206하순,21100,배추,10키로망대,상,9065.0,8013.0,7693.66666666666,5138.0,5316.54166666666
202207상순,21100,배추,10키로망대,상,9905.125,9065.0,8901.55555555555,4671.66666666666,5225.12037037036
202207중순,21100,배추,10키로망대,상,14769.1111111111,9905.125,8013.0,4782.25,7461.22222222222
202207하순,21100,배추,10키로망대,상,17330.1111111111,14769.1111111111,9065.0,6819.3,10031.8111111111
202208상순,21100,배추,10키로망대,상,14042.4444444444,17330.1111111111,9905.125,10284.2857142857,10936.2619047619
202208중순,21100,배추,10키로망대,상,13403.1111111111,14042.4444444444,14769.1111111111,8024.77777777777,12989.8842592592
202208하순,21100,배추,10키로망대,상,16495.6666666666,13403.1111111111,17330.1111111111,9006.77777777777,13887.6259259259
202209상순,21100,배추,10키로망대,상,21026.625,16495.6666666666,14042.4444444444,11554.3333333333,13252.6111111111
202209중순,21100,배추,10키로망대,상,27456.1428571428,21026.625,13403.1111111111,13765.2857142857,13760.7089947089
202209하순,21100,배추,10키로망대,상,21651.0,27456.1428571428,16495.6666666666,9141.5,13399.1898148148
202210상순,21100,배추,10키로망대,상,17092.5,21651.0,21026.625,6351.25,12434.2907407407
202210중순,21100,배추,10키로망대,상,9403.77777777777,17092.5,27456.1428571428,4705.66666666666,6119.46759259259
202210하순,21100,배추,10키로망대,상,7601.11111111111,9403.77777777777,21651.0,6465.66666666666,5988.58518518518
202211상순,21100,배추,10키로망대,상,5895.22222222222,7601.11111111111,17092.5,9495.0,6532.05092592592
202211중순,21100,배추,10키로망대,상,5806.25,5895.22222222222,9403.77777777777,10626.8888888888,6978.47222222222
202211하순,21100,배추,10키로망대,상,5000.77777777777,5806.25,7601.11111111111,9273.25,6712.72685185185
202212상순,21100,배추,10키로망대,상,4451.88888888888,5000.77777777777,5895.22222222222,8281.77777777777,5946.13425925925
202212중순,21100,배추,10키로망대,상,4487.875,4451.88888888888,5806.25,7667.375,5667.57407407407
202212하순,21100,배추,10키로망대,상,4715.9,4487.875,5000.77777777777,7763.2,5476.44444444444
201801상순,23100,무,20키로상자,상,9283.57142857143,0.0,0.0,0.0,0.0
201801중순,23100,무,20키로상자,상,9259.88888888888,9283.57142857143,0.0,0.0,0.0
201801하순,23100,무,20키로상자,상,10576.1111111111,9259.88888888888,0.0,0.0,0.0
201802상순,23100,무,20키로상자,상,18371.4444444444,10576.1111111111,9283.57142857143,0.0,0.0
201802중순,23100,무,20키로상자,상,19545.6666666666,18371.4444444444,9259.88888888888,0.0,0.0
201802하순,23100,무,20키로상자,상,19226.0,19545.6666666666,10576.1111111111,0.0,0.0
201803상순,23100,무,20키로상자,상,23856.3333333333,19226.0,18371.4444444444,0.0,0.0
201803중순,23100,무,20키로상자,상,19215.125,23856.3333333333,19545.6666666666,0.0,0.0
201803하순,23100,무,20키로상자,상,19303.6,19215.125,19226.0,0.0,0.0
201804상순,23100,무,20키로상자,상,18610.875,19303.6,23856.3333333333,0.0,0.0
201804중순,23100,무,20키로상자,상,20006.8888888888,18610.875,19215.125,0.0,0.0
201804하순,23100,무,20키로상자,상,23676.5,20006.8888888888,19303.6,0.0,0.0
201805상순,23100,무,20키로상자,상,25173.6666666666,23676.5,18610.875,0.0,0.0
201805중순,23100,무,20키로상자,상,22677.75,25173.6666666666,20006.8888888888,0.0,0.0
201805하순,23100,무,20키로상자,상,13201.0,22677.75,23676.5,0.0,0.0
201806상순,23100,무,20키로상자,상,13106.125,13201.0,25173.6666666666,0.0,0.0
201806중순,23100,무,20키로상자,상,10809.1111111111,13106.125,22677.75,0.0,0.0
201806하순,23100,무,20키로상자,상,11432.2222222222,10809.1111111111,13201.0,0.0,0.0
201807상순,23100,무,20키로상자,상,11280.125,11432.2222222222,13106.125,0.0,0.0
201807중순,23100,무,20키로상자,상,14501.3333333333,11280.125,10809.1111111111,0.0,0.0
201807하순,23100,무,20키로상자,상,20878.8888888888,14501.3333333333,11432.2222222222,0.0,0.0
201808상순,23100,무,20키로상자,상,23968.5,20878.8888888888,11280.125,0.0,0.0
201808중순,23100,무,20키로상자,상,20641.625,23968.5,14501.3333333333,0.0,0.0
201808하순,23100,무,20키로상자,상,27820.6,20641.625,20878.8888888888,0.0,0.0
201809상순,23100,무,20키로상자,상,22825.625,27820.6,23968.5,0.0,0.0
201809중순,23100,무,20키로상자,상,21872.5555555555,22825.625,20641.625,0.0,0.0
201809하순,23100,무,20키로상자,상,21683.0,21872.5555555555,27820.6,0.0,0.0
201810상순,23100,무,20키로상자,상,15611.2222222222,21683.0,22825.625,0.0,0.0
201810중순,23100,무,20키로상자,상,12331.8888888888,15611.2222222222,21872.5555555555,0.0,0.0
201810하순,23100,무,20키로상자,상,8466.33333333333,12331.8888888888,21683.0,0.0,0.0
201811상순,23100,무,20키로상자,상,6862.44444444444,8466.33333333333,15611.2222222222,0.0,0.0
201811중순,23100,무,20키로상자,상,5770.25,6862.44444444444,12331.8888888888,0.0,0.0
201811하순,23100,무,20키로상자,상,5724.44444444444,5770.25,8466.33333333333,0.0,0.0
201812상순,23100,무,20키로상자,상,7230.5,5724.44444444444,6862.44444444444,0.0,0.0
201812중순,23100,무,20키로상자,상,7808.55555555555,7230.5,5770.25,0.0,0.0
201812하순,23100,무,20키로상자,상,7535.22222222222,7808.55555555555,5724.44444444444,0.0,0.0
201901상순,23100,무,20키로상자,상,7729.42857142857,7535.22222222222,7230.5,9283.57142857143,0.0
201901중순,23100,무,20키로상자,상,6801.375,7729.42857142857,7808.55555555555,9259.88888888888,0.0
201901하순,23100,무,20키로상자,상,7740.7,6801.375,7535.22222222222,10576.1111111111,0.0
201902상순,23100,무,20키로상자,상,7894.8,7740.7,7729.42857142857,18371.4444444444,0.0
201902중순,23100,무,20키로상자,상,8620.33333333333,7894.8,6801.375,19545.6666666666,0.0
201902하순,23100,무,20키로상자,상,8432.57142857143,8620.33333333333,7740.7,19226.0,0.0
201903상순,23100,무,20키로상자,상,7993.875,8432.57142857143,7894.8,23856.3333333333,0.0
201903중순,23100,무,20키로상자,상,7646.0,7993.875,8620.33333333333,19215.125,0.0
201903하순,23100,무,20키로상자,상,6669.55555555555,7646.0,8432.57142857143,19303.6,0.0
201904상순,23100,무,20키로상자,상,7174.22222222222,6669.55555555555,7993.875,18610.875,0.0
201904중순,23100,무,20키로상자,상,8150.77777777777,7174.22222222222,7646.0,20006.8888888888,0.0
201904하순,23100,무,20키로상자,상,9277.25,8150.77777777777,6669.55555555555,23676.5,0.0
201905상순,23100,무,20키로상자,상,9761.55555555555,9277.25,7174.22222222222,25173.6666666666,0.0
201905중순,23100,무,20키로상자,상,9051.0,9761.55555555555,8150.77777777777,22677.75,0.0
201905하순,23100,무,20키로상자,상,8342.4,9051.0,9277.25,13201.0,0.0
201906상순,23100,무,20키로상자,상,9132.125,8342.4,9761.55555555555,13106.125,0.0
201906중순,23100,무,20키로상자,상,8804.77777777777,9132.125,9051.0,10809.1111111111,0.0
201906하순,23100,무,20키로상자,상,8363.625,8804.77777777777,8342.4,11432.2222222222,0.0
201907상순,23100,무,20키로상자,상,8150.66666666666,8363.625,9132.125,11280.125,0.0
201907중순,23100,무,20키로상자,상,8929.77777777777,8150.66666666666,8804.77777777777,14501.3333333333,0.0
201907하순,23100,무,20키로상자,상,5794.66666666666,8929.77777777777,8363.625,20878.8888888888,0.0
201908상순,23100,무,20키로상자,상,6928.875,5794.66666666666,8150.66666666666,23968.5,0.0
201908중순,23100,무,20키로상자,상,8141.125,6928.875,8929.77777777777,20641.625,0.0
201908하순,23100,무,20키로상자,상,9616.4,8141.125,5794.66666666666,27820.6,0.0
201909상순,23100,무,20키로상자,상,12056.0,9616.4,6928.875,22825.625,0.0
201909중순,23100,무,20키로상자,상,10907.2857142857,12056.0,8141.125,21872.5555555555,0.0
201909하순,23100,무,20키로상자,상,12324.625,10907.2857142857,9616.4,21683.0,0.0
201910상순,23100,무,20키로상자,상,20287.5555555555,12324.625,12056.0,15611.2222222222,0.0
201910중순,23100,무,20키로상자,상,18901.625,20287.5555555555,10907.2857142857,12331.8888888888,0.0
201910하순,23100,무,20키로상자,상,20094.5,18901.625,12324.625,8466.33333333333,0.0
201911상순,23100,무,20키로상자,상,18687.625,20094.5,20287.5555555555,6862.44444444444,0.0
201911중순,23100,무,20키로상자,상,19210.5555555555,18687.625,18901.625,5770.25,0.0
201911하순,23100,무,20키로상자,상,18696.6666666666,19210.5555555555,20094.5,5724.44444444444,0.0
201912상순,23100,무,20키로상자,상,22651.625,18696.6666666666,18687.625,7230.5,0.0
201912중순,23100,무,20키로상자,상,25629.1111111111,22651.625,19210.5555555555,7808.55555555555,0.0
201912하순,23100,무,20키로상자,상,24146.3333333333,25629.1111111111,18696.6666666666,7535.22222222222,0.0
202001상순,23100,무,20키로상자,상,25478.8571428571,24146.3333333333,22651.625,7729.42857142857,0.0
202001중순,23100,무,20키로상자,상,19378.125,25478.8571428571,25629.1111111111,6801.375,0.0
202001하순,23100,무,20키로상자,상,17105.875,19378.125,24146.3333333333,7740.7,0.0
202002상순,23100,무,20키로상자,상,10902.25,17105.875,25478.8571428571,7894.8,0.0
202002중순,23100,무,20키로상자,상,11589.2222222222,10902.25,19378.125,8620.33333333333,0.0
202002하순,23100,무,20키로상자,상,9167.875,11589.2222222222,17105.875,8432.57142857143,0.0
202003상순,23100,무,20키로상자,상,10112.0,9167.875,10902.25,7993.875,0.0
202003중순,23100,무,20키로상자,상,8490.55555555555,10112.0,11589.2222222222,7646.0,0.0
202003하순,23100,무,20키로상자,상,10133.0,8490.55555555555,9167.875,6669.55555555555,0.0
202004상순,23100,무,20키로상자,상,8164.55555555555,10133.0,10112.0,7174.22222222222,0.0
202004중순,23100,무,20키로상자,상,9708.875,8164.55555555555,8490.55555555555,8150.77777777777,0.0
202004하순,23100,무,20키로상자,상,10186.7777777777,9708.875,10133.0,9277.25,0.0
202005상순,23100,무,20키로상자,상,9875.0,10186.7777777777,8164.55555555555,9761.55555555555,0.0
202005중순,23100,무,20키로상자,상,8403.88888888888,9875.0,9708.875,9051.0,0.0
202005하순,23100,무,20키로상자,상,8992.0,8403.88888888888,10186.7777777777,8342.4,0.0
202006상순,23100,무,20키로상자,상,11056.7777777777,8992.0,9875.0,9132.125,0.0
202006중순,23100,무,20키로상자,상,11275.1111111111,11056.7777777777,8403.88888888888,8804.77777777777,0.0
202006하순,23100,무,20키로상자,상,12730.75,11275.1111111111,8992.0,8363.625,0.0
202007상순,23100,무,20키로상자,상,11513.8888888888,12730.75,11056.7777777777,8150.66666666666,0.0
202007중순,23100,무,20키로상자,상,11745.75,11513.8888888888,11275.1111111111,8929.77777777777,0.0
202007하순,23100,무,20키로상자,상,10808.7,11745.75,12730.75,5794.66666666666,0.0
202008상순,23100,무,20키로상자,상,12764.7142857142,10808.7,11513.8888888888,6928.875,0.0
202008중순,23100,무,20키로상자,상,13421.4444444444,12764.7142857142,11745.75,8141.125,0.0
202008하순,23100,무,20키로상자,상,23336.4444444444,13421.4444444444,10808.7,9616.4,0.0
202009상순,23100,무,20키로상자,상,23616.7777777777,23336.4444444444,12764.7142857142,12056.0,0.0
202009중순,23100,무,20키로상자,상,22132.625,23616.7777777777,13421.4444444444,10907.2857142857,0.0
202009하순,23100,무,20키로상자,상,24916.7777777777,22132.625,23336.4444444444,12324.625,0.0
202010상순,23100,무,20키로상자,상,20661.8333333333,24916.7777777777,23616.7777777777,20287.5555555555,0.0
202010중순,23100,무,20키로상자,상,14746.125,20661.8333333333,22132.625,18901.625,0.0
202010하순,23100,무,20키로상자,상,11304.1,14746.125,24916.7777777777,20094.5,0.0
202011상순,23100,무,20키로상자,상,11496.5,11304.1,20661.8333333333,18687.625,0.0
202011중순,23100,무,20키로상자,상,10245.1111111111,11496.5,14746.125,19210.5555555555,0.0
202011하순,23100,무,20키로상자,상,8736.375,10245.1111111111,11304.1,18696.6666666666,0.0
202012상순,23100,무,20키로상자,상,8982.44444444444,8736.375,11496.5,22651.625,0.0
202012중순,23100,무,20키로상자,상,12022.75,8982.44444444444,10245.1111111111,25629.1111111111,0.0
202012하순,23100,무,20키로상자,상,14112.3,12022.75,8736.375,24146.3333333333,0.0
202101상순,23100,무,20키로상자,상,15453.6666666666,14112.3,8982.44444444444,25478.8571428571,0.0
202101중순,23100,무,20키로상자,상,14208.5555555555,15453.6666666666,12022.75,19378.125,0.0
202101하순,23100,무,20키로상자,상,11529.4444444444,14208.5555555555,14112.3,17105.875,0.0
202102상순,23100,무,20키로상자,상,9098.88888888888,11529.4444444444,15453.6666666666,10902.25,0.0
202102중순,23100,무,20키로상자,상,8339.71428571428,9098.88888888888,14208.5555555555,11589.2222222222,0.0
202102하순,23100,무,20키로상자,상,7570.66666666666,8339.71428571428,11529.4444444444,9167.875,0.0
202103상순,23100,무,20키로상자,상,7826.11111111111,7570.66666666666,9098.88888888888,10112.0,0.0
202103중순,23100,무,20키로상자,상,8207.88888888888,7826.11111111111,8339.71428571428,8490.55555555555,0.0
202103하순,23100,무,20키로상자,상,7181.88888888888,8207.88888888888,7570.66666666666,10133.0,0.0
202104상순,23100,무,20키로상자,상,7465.11111111111,7181.88888888888,7826.11111111111,8164.55555555555,0.0
202104중순,23100,무,20키로상자,상,8290.625,7465.11111111111,8207.88888888888,9708.875,0.0
202104하순,23100,무,20키로상자,상,8946.33333333333,8290.625,7181.88888888888,10186.7777777777,0.0
202105상순,23100,무,20키로상자,상,9051.875,8946.33333333333,7465.11111111111,9875.0,0.0
202105중순,23100,무,20키로상자,상,8165.22222222222,9051.875,8290.625,8403.88888888888,0.0
202105하순,23100,무,20키로상자,상,8496.88888888888,8165.22222222222,8946.33333333333,8992.0,0.0
202106상순,23100,무,20키로상자,상,9258.0,8496.88888888888,9051.875,11056.7777777777,0.0
202106중순,23100,무,20키로상자,상,8435.75,9258.0,8165.22222222222,11275.1111111111,0.0
202106하순,23100,무,20키로상자,상,9150.44444444444,8435.75,8496.88888888888,12730.75,0.0
202107상순,23100,무,20키로상자,상,12564.0,9150.44444444444,9258.0,11513.8888888888,0.0
202107중순,23100,무,20키로상자,상,9012.75,12564.0,8435.75,11745.75,0.0
202107하순,23100,무,20키로상자,상,11067.1,9012.75,9150.44444444444,10808.7,0.0
202108상순,23100,무,20키로상자,상,13885.2857142857,11067.1,12564.0,12764.7142857142,0.0
202108중순,23100,무,20키로상자,상,10580.6666666666,13885.2857142857,9012.75,13421.4444444444,0.0
202108하순,23100,무,20키로상자,상,10101.5555555555,10580.6666666666,11067.1,23336.4444444444,0.0
202109상순,23100,무,20키로상자,상,9531.0,10101.5555555555,13885.2857142857,23616.7777777777,0.0
202109중순,23100,무,20키로상자,상,10187.1428571428,9531.0,10580.6666666666,22132.625,0.0
202109하순,23100,무,20키로상자,상,8076.33333333333,10187.1428571428,10101.5555555555,24916.7777777777,0.0
202110상순,23100,무,20키로상자,상,7584.5,8076.33333333333,9531.0,20661.8333333333,0.0
202110중순,23100,무,20키로상자,상,8729.55555555555,7584.5,10187.1428571428,14746.125,0.0
202110하순,23100,무,20키로상자,상,10916.8888888888,8729.55555555555,8076.33333333333,11304.1,0.0
202111상순,23100,무,20키로상자,상,10744.4444444444,10916.8888888888,7584.5,11496.5,0.0
202111중순,23100,무,20키로상자,상,12581.1111111111,10744.4444444444,8729.55555555555,10245.1111111111,0.0
202111하순,23100,무,20키로상자,상,11107.375,12581.1111111111,10916.8888888888,8736.375,0.0
202112상순,23100,무,20키로상자,상,11457.6666666666,11107.375,10744.4444444444,8982.44444444444,0.0
202112중순,23100,무,20키로상자,상,10597.75,11457.6666666666,12581.1111111111,12022.75,0.0
202112하순,23100,무,20키로상자,상,10748.2,10597.75,11107.375,14112.3,0.0
202201상순,23100,무,20키로상자,상,10840.5714285714,10748.2,11457.6666666666,15453.6666666666,0.0
202201중순,23100,무,20키로상자,상,11261.2222222222,10840.5714285714,10597.75,14208.5555555555,0.0
202201하순,23100,무,20키로상자,상,12637.75,11261.2222222222,10748.2,11529.4444444444,0.0
202202상순,23100,무,20키로상자,상,10062.6666666666,12637.75,10840.5714285714,9098.88888888888,0.0
202202중순,23100,무,20키로상자,상,10841.5,10062.6666666666,11261.2222222222,8339.71428571428,0.0
202202하순,23100,무,20키로상자,상,11499.5714285714,10841.5,12637.75,7570.66666666666,0.0
202203상순,23100,무,20키로상자,상,10466.2222222222,11499.5714285714,10062.6666666666,7826.11111111111,0.0
202203중순,23100,무,20키로상자,상,9714.625,10466.2222222222,10841.5,8207.88888888888,0.0
202203하순,23100,무,20키로상자,상,9968.0,9714.625,11499.5714285714,7181.88888888888,0.0
202204상순,23100,무,20키로상자,상,9745.875,9968.0,10466.2222222222,7465.11111111111,0.0
202204중순,23100,무,20키로상자,상,9411.55555555555,9745.875,9714.625,8290.625,0.0
202204하순,23100,무,20키로상자,상,11303.7777777777,9411.55555555555,9968.0,8946.33333333333,0.0
202205상순,23100,무,20키로상자,상,13589.25,11303.7777777777,9745.875,9051.875,0.0
202205중순,23100,무,20키로상자,상,13568.6666666666,13589.25,9411.55555555555,8165.22222222222,0.0
202205하순,23100,무,20키로상자,상,14167.2222222222,13568.6666666666,11303.7777777777,8496.88888888888,0.0
202206상순,23100,무,20키로상자,상,13693.2222222222,14167.2222222222,13589.25,9258.0,0.0
202206중순,23100,무,20키로상자,상,13381.625,13693.2222222222,13568.6666666666,8435.75,0.0
202206하순,23100,무,20키로상자,상,14488.1111111111,13381.625,14167.2222222222,9150.44444444444,0.0
202207상순,23100,무,20키로상자,상,16167.625,14488.1111111111,13693.2222222222,12564.0,0.0
202207중순,23100,무,20키로상자,상,18460.4444444444,16167.625,13381.625,9012.75,0.0
202207하순,23100,무,20키로상자,상,21599.2222222222,18460.4444444444,14488.1111111111,11067.1,0.0
202208상순,23100,무,20키로상자,상,22569.3333333333,21599.2222222222,16167.625,13885.2857142857,0.0
202208중순,23100,무,20키로상자,상,20734.8888888888,22569.3333333333,18460.4444444444,10580.6666666666,0.0
202208하순,23100,무,20키로상자,상,22757.5555555555,20734.8888888888,21599.2222222222,10101.5555555555,0.0
202209상순,23100,무,20키로상자,상,28908.25,22757.5555555555,22569.3333333333,9531.0,0.0
202209중순,23100,무,20키로상자,상,25497.7142857142,28908.25,20734.8888888888,10187.1428571428,0.0
202209하순,23100,무,20키로상자,상,31412.0,25497.7142857142,22757.5555555555,8076.33333333333,0.0
202210상순,23100,무,20키로상자,상,34129.25,31412.0,28908.25,7584.5,0.0
202210중순,23100,무,20키로상자,상,22464.1111111111,34129.25,25497.7142857142,8729.55555555555,0.0
202210하순,23100,무,20키로상자,상,21770.7777777777,22464.1111111111,31412.0,10916.8888888888,0.0
202211상순,23100,무,20키로상자,상,13996.3333333333,21770.7777777777,34129.25,10744.4444444444,0.0
202211중순,23100,무,20키로상자,상,11933.375,13996.3333333333,22464.1111111111,12581.1111111111,0.0
202211하순,23100,무,20키로상자,상,10350.1111111111,11933.375,21770.7777777777,11107.375,0.0
202212상순,23100,무,20키로상자,상,11416.1111111111,10350.1111111111,13996.3333333333,11457.6666666666,0.0
202212중순,23100,무,20키로상자,상,11222.5,11416.1111111111,11933.375,10597.75,0.0
202212하순,23100,무,20키로상자,상,12959.2,11222.5,10350.1111111111,10748.2,0.0
201801상순,24400,양파,1키로,상,1144.42857142857,1123.77777777777,1159.75,1231.28571428571,1149.125
201801중순,24400,양파,1키로,상,1041.22222222222,1144.42857142857,1151.0,1196.44444444444,1125.01388888888
201801하순,24400,양파,1키로,상,1036.44444444444,1041.22222222222,1123.77777777777,1282.83333333333,1180.73333333333
201802상순,24400,양파,1키로,상,1045.77777777777,1036.44444444444,1144.42857142857,1355.11111111111,1192.2037037037
201802중순,24400,양파,1키로,상,1098.16666666666,1045.77777777777,1041.22222222222,1306.125,1133.85648148148
201802하순,24400,양파,1키로,상,922.142857142857,1098.16666666666,1036.44444444444,1352.0,1227.75396825396
201803상순,24400,양파,1키로,상,879.0,922.142857142857,1045.77777777777,1371.44444444444,1242.89814814814
201803중순,24400,양파,1키로,상,675.125,879.0,1098.16666666666,1332.25,1173.18518518518
201803하순,24400,양파,1키로,상,644.0,675.125,922.142857142857,1617.6,1234.45555555555
201804상순,24400,양파,1키로,상,647.25,644.0,879.0,1364.75,1276.02777777777
201804중순,24400,양파,1키로,상,759.777777777777,647.25,675.125,1035.55555555555,1062.51388888888
201804하순,24400,양파,1키로,상,954.375,759.777777777777,644.0,807.0,812.444444444444
201805상순,24400,양파,1키로,상,835.888888888888,954.375,647.25,964.0,796.217592592592
201805중순,24400,양파,1키로,상,592.5,835.888888888888,759.777777777777,993.888888888888,769.962962962962
201805하순,24400,양파,1키로,상,553.4,592.5,954.375,966.666666666666,738.074074074074
201806상순,24400,양파,1키로,상,679.25,553.4,835.888888888888,1090.88888888888,828.569444444444
201806중순,24400,양파,1키로,상,741.888888888888,679.25,592.5,1075.5,911.421296296296
201806하순,24400,양파,1키로,상,658.777777777777,741.888888888888,553.4,1078.0,863.939814814814
201807상순,24400,양파,1키로,상,697.375,658.777777777777,679.25,1148.375,904.180555555555
201807중순,24400,양파,1키로,상,712.666666666666,697.375,741.888888888888,1193.33333333333,878.629629629629
201807하순,24400,양파,1키로,상,799.222222222222,712.666666666666,658.777777777777,1168.0,921.111111111111
201808상순,24400,양파,1키로,상,910.875,799.222222222222,697.375,1268.125,995.268518518518
201808중순,24400,양파,1키로,상,803.625,910.875,712.666666666666,1239.5,990.555555555555
201808하순,24400,양파,1키로,상,809.9,803.625,799.222222222222,1139.7,975.196296296296
201809상순,24400,양파,1키로,상,789.875,809.9,910.875,1206.625,996.134259259259
201809중순,24400,양파,1키로,상,764.333333333333,789.875,803.625,1190.66666666666,1024.30793650793
201809하순,24400,양파,1키로,상,717.6,764.333333333333,809.9,1158.11111111111,1012.33333333333
201810상순,24400,양파,1키로,상,807.888888888888,717.6,789.875,1263.8,1048.71574074074
201810중순,24400,양파,1키로,상,708.0,807.888888888888,764.333333333333,1211.88888888888,1019.03703703703
201810하순,24400,양파,1키로,상,713.777777777777,708.0,717.6,1135.88888888888,1011.81481481481
201811상순,24400,양파,1키로,상,724.111111111111,713.777777777777,807.888888888888,1214.33333333333,1054.29166666666
201811중순,24400,양파,1키로,상,719.625,724.111111111111,708.0,1181.75,1036.49074074074
201811하순,24400,양파,1키로,상,677.222222222222,719.625,713.777777777777,1193.55555555555,1022.22222222222
201812상순,24400,양파,1키로,상,648.75,677.222222222222,724.111111111111,1159.75,1005.04166666666
201812중순,24400,양파,1키로,상,695.666666666666,648.75,719.625,1151.0,977.138888888889
201812하순,24400,양파,1키로,상,650.0,695.666666666666,677.222222222222,1123.77777777777,983.333333333333
201901상순,24400,양파,1키로,상,721.857142857142,650.0,648.75,1144.42857142857,1056.36309523809
201901중순,24400,양파,1키로,상,582.625,721.857142857142,695.666666666666,1041.22222222222,996.013888888888
201901하순,24400,양파,1키로,상,574.6,582.625,650.0,1036.44444444444,1019.64814814814
201902상순,24400,양파,1키로,상,610.4,574.6,721.857142857142,1045.77777777777,1052.62962962962
201902중순,24400,양파,1키로,상,645.333333333333,610.4,582.625,1098.16666666666,1033.76388888888
201902하순,24400,양파,1키로,상,593.428571428571,645.333333333333,574.6,922.142857142857,1031.65873015873
201903상순,24400,양파,1키로,상,668.375,593.428571428571,610.4,879.0,995.898148148148
201903중순,24400,양파,1키로,상,667.333333333333,668.375,645.333333333333,675.125,892.310185185185
201903하순,24400,양파,1키로,상,762.444444444444,667.333333333333,593.428571428571,644.0,909.922222222222
201904상순,24400,양파,1키로,상,1005.77777777777,762.444444444444,668.375,647.25,944.777777777777
201904중순,24400,양파,1키로,상,973.666666666666,1005.77777777777,667.333333333333,759.777777777777,834.069444444444
201904하순,24400,양파,1키로,상,729.25,973.666666666666,762.444444444444,954.375,812.444444444444
201905상순,24400,양파,1키로,상,725.666666666666,729.25,1005.77777777777,835.888888888888,753.513888888888
201905중순,24400,양파,1키로,상,488.625,725.666666666666,973.666666666666,592.5,636.166666666666
201905하순,24400,양파,1키로,상,498.5,488.625,729.25,553.4,600.318518518518
201906상순,24400,양파,1키로,상,464.5,498.5,725.666666666666,679.25,722.194444444444
201906중순,24400,양파,1키로,상,397.666666666666,464.5,488.625,741.888888888888,807.606481481481
201906하순,24400,양파,1키로,상,449.625,397.666666666666,498.5,658.777777777777,804.407407407407
201907상순,24400,양파,1키로,상,389.888888888888,449.625,464.5,697.375,853.75
201907중순,24400,양파,1키로,상,413.0,389.888888888888,397.666666666666,712.666666666666,858.444444444444
201907하순,24400,양파,1키로,상,426.666666666666,413.0,449.625,799.222222222222,917.148148148148
201908상순,24400,양파,1키로,상,538.375,426.666666666666,389.888888888888,910.875,1016.70833333333
201908중순,24400,양파,1키로,상,502.25,538.375,413.0,803.625,949.597222222222
201908하순,24400,양파,1키로,상,473.5,502.25,426.666666666666,809.9,942.829629629629
201909상순,24400,양파,1키로,상,495.625,473.5,538.375,789.875,960.425925925926
201909중순,24400,양파,1키로,상,538.857142857142,495.625,502.25,764.333333333333,963.466666666666
201909하순,24400,양파,1키로,상,494.0,538.857142857142,473.5,717.6,935.199999999999
201910상순,24400,양파,1키로,상,449.888888888888,494.0,495.625,807.888888888888,1016.27129629629
201910중순,24400,양파,1키로,상,510.0,449.888888888888,538.857142857142,708.0,947.703703703703
201910하순,24400,양파,1키로,상,522.6,510.0,494.0,713.777777777777,933.074074074074
201911상순,24400,양파,1키로,상,529.625,522.6,449.888888888888,724.111111111111,979.703703703703
201911중순,24400,양파,1키로,상,576.555555555555,529.625,510.0,719.625,975.958333333333
201911하순,24400,양파,1키로,상,641.444444444444,576.555555555555,522.6,677.222222222222,952.703703703703
201912상순,24400,양파,1키로,상,801.625,641.444444444444,529.625,648.75,935.5
201912중순,24400,양파,1키로,상,728.0,801.625,576.555555555555,695.666666666666,949.472222222222
201912하순,24400,양파,1키로,상,784.111111111111,728.0,641.444444444444,650.0,933.925925925926
202001상순,24400,양파,1키로,상,933.428571428571,784.111111111111,801.625,721.857142857142,1032.5238095238
202001중순,24400,양파,1키로,상,898.25,933.428571428571,728.0,582.625,940.097222222222
202001하순,24400,양파,1키로,상,929.75,898.25,784.111111111111,574.6,964.625925925925
202002상순,24400,양파,1키로,상,929.375,929.75,933.428571428571,610.4,1003.76296296296
202002중순,24400,양파,1키로,상,1014.77777777777,929.375,898.25,645.333333333333,1017.09722222222
202002하순,24400,양파,1키로,상,1489.875,1014.77777777777,929.75,593.428571428571,1031.65873015873
202003상순,24400,양파,1키로,상,1132.0,1489.875,929.375,668.375,995.898148148148
202003중순,24400,양파,1키로,상,1090.22222222222,1132.0,1014.77777777777,667.333333333333,892.310185185185
202003하순,24400,양파,1키로,상,1123.88888888888,1090.22222222222,1489.875,762.444444444444,949.403703703703
202004상순,24400,양파,1키로,상,1081.55555555555,1123.88888888888,1132.0,1005.77777777777,1064.28703703703
202004중순,24400,양파,1키로,상,986.125,1081.55555555555,1090.22222222222,973.666666666666,923.0
202004하순,24400,양파,1키로,상,909.888888888888,986.125,1123.88888888888,729.25,812.444444444444
202005상순,24400,양파,1키로,상,856.25,909.888888888888,1081.55555555555,725.666666666666,788.810185185185
202005중순,24400,양파,1키로,상,854.555555555555,856.25,986.125,488.625,636.166666666666
202005하순,24400,양파,1키로,상,709.0,854.555555555555,909.888888888888,498.5,600.318518518518
202006상순,24400,양파,1키로,상,613.333333333333,709.0,856.25,464.5,722.194444444444
202006중순,24400,양파,1키로,상,698.666666666666,613.333333333333,854.555555555555,397.666666666666,807.606481481481
202006하순,24400,양파,1키로,상,774.0,698.666666666666,709.0,449.625,804.407407407407
202007상순,24400,양파,1키로,상,664.333333333333,774.0,613.333333333333,389.888888888888,853.75
202007중순,24400,양파,1키로,상,796.875,664.333333333333,698.666666666666,413.0,858.444444444444
202007하순,24400,양파,1키로,상,899.8,796.875,774.0,426.666666666666,917.148148148147
202008상순,24400,양파,1키로,상,977.857142857142,899.8,664.333333333333,538.375,1016.70833333333
202008중순,24400,양파,1키로,상,1002.11111111111,977.857142857142,796.875,502.25,949.597222222222
202008하순,24400,양파,1키로,상,1009.33333333333,1002.11111111111,899.8,473.5,942.829629629629
202009상순,24400,양파,1키로,상,1102.44444444444,1009.33333333333,977.857142857142,495.625,960.425925925926
202009중순,24400,양파,1키로,상,1043.875,1102.44444444444,1002.11111111111,538.857142857142,963.466666666666
202009하순,24400,양파,1키로,상,1063.44444444444,1043.875,1009.33333333333,494.0,935.199999999999
202010상순,24400,양파,1키로,상,1245.16666666666,1063.44444444444,1102.44444444444,449.888888888888,1016.27129629629
202010중순,24400,양파,1키로,상,1169.125,1245.16666666666,1043.875,510.0,947.703703703703
202010하순,24400,양파,1키로,상,1221.1,1169.125,1063.44444444444,522.6,933.074074074073
202011상순,24400,양파,1키로,상,1283.375,1221.1,1245.16666666666,529.625,979.703703703703
202011중순,24400,양파,1키로,상,1296.44444444444,1283.375,1169.125,576.555555555555,975.958333333333
202011하순,24400,양파,1키로,상,1333.5,1296.44444444444,1221.1,641.444444444444,952.703703703703
202012상순,24400,양파,1키로,상,1294.22222222222,1333.5,1283.375,801.625,986.458333333333
202012중순,24400,양파,1키로,상,1289.875,1294.22222222222,1296.44444444444,728.0,960.249999999999
202012하순,24400,양파,1키로,상,1419.7,1289.875,1333.5,784.111111111111,978.629629629629
202101상순,24400,양파,1키로,상,1571.16666666666,1419.7,1294.22222222222,933.428571428571,1103.04761904761
202101중순,24400,양파,1키로,상,1707.22222222222,1571.16666666666,1289.875,898.25,1045.30555555555
202101하순,24400,양파,1키로,상,1691.44444444444,1707.22222222222,1419.7,929.75,1083.00925925925
202102상순,24400,양파,1키로,상,1752.11111111111,1691.44444444444,1571.16666666666,929.375,1110.08796296296
202102중순,24400,양파,1키로,상,2001.42857142857,1752.11111111111,1707.22222222222,1014.77777777777,1139.68981481481
202102하순,24400,양파,1키로,상,2021.16666666666,2001.42857142857,1691.44444444444,1489.875,1254.67261904761
202103상순,24400,양파,1키로,상,1825.0,2021.16666666666,1752.11111111111,1132.0,1127.48148148148
202103중순,24400,양파,1키로,상,1973.22222222222,1825.0,2001.42857142857,1090.22222222222,1032.5324074074
202103하순,24400,양파,1키로,상,1555.55555555555,1973.22222222222,2021.16666666666,1123.88888888888,1092.47777777777
202104상순,24400,양파,1키로,상,1348.88888888888,1555.55555555555,1825.0,1081.55555555555,1150.69444444444
202104중순,24400,양파,1키로,상,944.75,1348.88888888888,1973.22222222222,986.125,998.449074074074
202104하순,24400,양파,1키로,상,715.333333333333,944.75,1555.55555555555,909.888888888888,837.37037037037
202105상순,24400,양파,1키로,상,660.75,715.333333333333,1348.88888888888,856.25,805.935185185185
202105중순,24400,양파,1키로,상,522.888888888888,660.75,944.75,854.555555555555,669.388888888888
202105하순,24400,양파,1키로,상,548.888888888888,522.888888888888,715.333333333333,709.0,622.725925925925
202106상순,24400,양파,1키로,상,575.888888888888,548.888888888888,660.75,613.333333333333,656.231481481481
202106중순,24400,양파,1키로,상,694.625,575.888888888888,522.888888888888,698.666666666666,708.310185185185
202106하순,24400,양파,1키로,상,687.666666666666,694.625,548.888888888888,774.0,703.074074074074
202107상순,24400,양파,1키로,상,676.666666666666,687.666666666666,575.888888888888,664.333333333333,692.402777777777
202107중순,24400,양파,1키로,상,683.375,676.666666666666,694.625,796.875,726.291666666666
202107하순,24400,양파,1키로,상,735.5,683.375,687.666666666666,899.8,827.748148148148
202108상순,24400,양파,1키로,상,911.857142857142,735.5,676.666666666666,977.857142857142,919.952380952381
202108중순,24400,양파,1키로,상,873.888888888888,911.857142857142,683.375,1002.11111111111,870.467592592592
202108하순,24400,양파,1키로,상,874.0,873.888888888888,735.5,1009.33333333333,899.374074074074
202109상순,24400,양파,1키로,상,959.666666666666,874.0,911.857142857142,1102.44444444444,925.699074074074
202109중순,24400,양파,1키로,상,907.857142857142,959.666666666666,873.888888888888,1043.875,914.53611111111
202109하순,24400,양파,1키로,상,854.833333333333,907.857142857142,874.0,1063.44444444444,903.644444444444
202110상순,24400,양파,1키로,상,892.875,854.833333333333,959.666666666666,1245.16666666666,1010.06018518518
202110중순,24400,양파,1키로,상,900.333333333333,892.875,907.857142857142,1169.125,933.449074074074
202110하순,24400,양파,1키로,상,937.333333333333,900.333333333333,854.833333333333,1221.1,933.074074074074
202111상순,24400,양파,1키로,상,907.333333333333,937.333333333333,892.875,1283.375,979.703703703703
202111중순,24400,양파,1키로,상,908.666666666666,907.333333333333,900.333333333333,1296.44444444444,975.958333333333
202111하순,24400,양파,1키로,상,855.0,908.666666666666,937.333333333333,1333.5,952.703703703703
202112상순,24400,양파,1키로,상,816.333333333333,855.0,907.333333333333,1294.22222222222,986.458333333333
202112중순,24400,양파,1키로,상,734.875,816.333333333333,908.666666666666,1289.875,960.249999999999
202112하순,24400,양파,1키로,상,695.1,734.875,855.0,1419.7,978.629629629629
202201상순,24400,양파,1키로,상,658.0,695.1,816.333333333333,1571.16666666666,1103.04761904761
202201중순,24400,양파,1키로,상,541.333333333333,658.0,734.875,1707.22222222222,1045.30555555555
202201하순,24400,양파,1키로,상,524.0,541.333333333333,695.1,1691.44444444444,1083.00925925925
202202상순,24400,양파,1키로,상,528.166666666666,524.0,658.0,1752.11111111111,1110.08796296296
202202중순,24400,양파,1키로,상,438.75,528.166666666666,541.333333333333,2001.42857142857,1139.68981481481
202202하순,24400,양파,1키로,상,391.428571428571,438.75,524.0,2021.16666666666,1254.67261904761
202203상순,24400,양파,1키로,상,450.444444444444,391.428571428571,528.166666666666,1825.0,1127.48148148148
202203중순,24400,양파,1키로,상,416.125,450.444444444444,438.75,1973.22222222222,1032.5324074074
202203하순,24400,양파,1키로,상,392.9,416.125,391.428571428571,1555.55555555555,1147.29629629629
202204상순,24400,양파,1키로,상,492.0,392.9,450.444444444444,1348.88888888888,1145.4074074074
202204중순,24400,양파,1키로,상,624.555555555555,492.0,416.125,944.75,968.180555555555
202204하순,24400,양파,1키로,상,702.777777777777,624.555555555555,392.9,715.333333333333,815.379629629629
202205상순,24400,양파,1키로,상,551.25,702.777777777777,492.0,660.75,805.935185185185
202205중순,24400,양파,1키로,상,530.111111111111,551.25,624.555555555555,522.888888888888,656.648148148148
202205하순,24400,양파,1키로,상,721.444444444444,530.111111111111,702.777777777777,548.888888888888,603.762962962962
202206상순,24400,양파,1키로,상,1282.0,721.444444444444,551.25,575.888888888888,622.824074074074
202206중순,24400,양파,1키로,상,1304.0,1282.0,530.111111111111,694.625,711.726851851851
202206하순,24400,양파,1키로,상,1439.33333333333,1304.0,721.444444444444,687.666666666666,706.814814814814
202207상순,24400,양파,1키로,상,1450.125,1439.33333333333,1282.0,676.666666666666,679.458333333333
202207중순,24400,양파,1키로,상,1311.11111111111,1450.125,1304.0,683.375,730.972222222222
202207하순,24400,양파,1키로,상,1317.0,1311.11111111111,1439.33333333333,735.5,811.507407407407
202208상순,24400,양파,1키로,상,1449.44444444444,1317.0,1450.125,911.857142857142,933.529761904762
202208중순,24400,양파,1키로,상,1510.66666666666,1449.44444444444,1311.11111111111,873.888888888888,893.208333333333
202208하순,24400,양파,1키로,상,1262.88888888888,1510.66666666666,1317.0,874.0,897.744444444444
202209상순,24400,양파,1키로,상,1501.125,1262.88888888888,1449.44444444444,959.666666666666,950.662037037037
202209중순,24400,양파,1키로,상,1377.57142857142,1501.125,1510.66666666666,907.857142857142,905.355158730158
202209하순,24400,양파,1키로,상,1437.88888888888,1377.57142857142,1262.88888888888,854.833333333333,878.625925925925
202210상순,24400,양파,1키로,상,1513.375,1437.88888888888,1501.125,892.875,981.976851851851
202210중순,24400,양파,1키로,상,1528.88888888888,1513.375,1377.57142857142,900.333333333333,925.819444444444
202210하순,24400,양파,1키로,상,1508.55555555555,1528.88888888888,1437.88888888888,937.333333333333,929.0
202211상순,24400,양파,1키로,상,1485.44444444444,1508.55555555555,1513.375,907.333333333333,948.592592592592
202211중순,24400,양파,1키로,상,1440.75,1485.44444444444,1528.88888888888,908.666666666666,936.680555555555
202211하순,24400,양파,1키로,상,1436.44444444444,1440.75,1508.55555555555,855.0,908.592592592592
202212상순,24400,양파,1키로,상,1438.11111111111,1436.44444444444,1485.44444444444,816.333333333333,925.902777777777
202212중순,24400,양파,1키로,상,1399.25,1438.11111111111,1440.75,734.875,871.291666666666
202212하순,24400,양파,1키로,상,1423.9,1399.25,1436.44444444444,695.1,867.662962962963
201801상순,15205,감자 수미,20키로상자,상,44170.2857142857,43034.7777777777,37812.375,30047.5714285714,24660.0317460317
201801중순,15205,감자 수미,20키로상자,상,48283.7777777777,44170.2857142857,45214.0,29333.7777777777,23299.4444444444
201801하순,15205,감자 수미,20키로상자,상,50243.0,48283.7777777777,43034.7777777777,32614.8333333333,25218.0074074074
201802상순,15205,감자 수미,20키로상자,상,55380.6666666666,50243.0,44170.2857142857,32342.8888888888,28703.875
201802중순,15205,감자 수미,20키로상자,상,59133.0,55380.6666666666,48283.7777777777,30665.25,27419.8822751322
201802하순,15205,감자 수미,20키로상자,상,60486.7142857142,59133.0,50243.0,30603.4285714285,29378.6666666666
201803상순,15205,감자 수미,20키로상자,상,64069.7777777777,60486.7142857142,55380.6666666666,37917.1111111111,29317.5277777777
201803중순,15205,감자 수미,20키로상자,상,70821.5,64069.7777777777,59133.0,35058.375,30453.6944444444
201803하순,15205,감자 수미,20키로상자,상,92194.7,70821.5,60486.7142857142,36690.6,35062.6
201804상순,15205,감자 수미,20키로상자,상,115127.75,92194.7,64069.7777777777,37756.5,34148.787037037
201804중순,15205,감자 수미,20키로상자,상,109036.555555555,115127.75,70821.5,35393.5555555555,32486.3703703703
201804하순,15205,감자 수미,20키로상자,상,98434.25,109036.555555555,92194.7,37668.0,33455.949074074
201805상순,15205,감자 수미,20키로상자,상,74557.5555555555,98434.25,115127.75,41846.3333333333,35158.8379629629
201805중순,15205,감자 수미,20키로상자,상,50940.125,74557.5555555555,109036.555555555,49525.3333333333,37978.3888888888
201805하순,15205,감자 수미,20키로상자,상,41498.0,50940.125,98434.25,34959.7777777777,28350.574074074
201806상순,15205,감자 수미,20키로상자,상,25062.25,41498.0,74557.5555555555,28934.0,23804.949074074
201806중순,15205,감자 수미,20키로상자,상,23764.6666666666,25062.25,50940.125,23904.625,20516.5509259259
201806하순,15205,감자 수미,20키로상자,상,23870.0,23764.6666666666,41498.0,24857.5555555555,17564.2824074074
201807상순,15205,감자 수미,20키로상자,상,24741.5,23870.0,25062.25,25402.75,17505.1296296296
201807중순,15205,감자 수미,20키로상자,상,24151.8888888888,24741.5,23764.6666666666,27055.5555555555,17983.7453703703
201807하순,15205,감자 수미,20키로상자,상,28255.1111111111,24151.8888888888,23870.0,27847.6666666666,19177.6074074074
201808상순,15205,감자 수미,20키로상자,상,37492.5,28255.1111111111,24741.5,31401.875,19619.6084656084
201808중순,15205,감자 수미,20키로상자,상,37474.0,37492.5,24151.8888888888,34776.0,20299.2962962962
201808하순,15205,감자 수미,20키로상자,상,42553.9,37474.0,28255.1111111111,36521.8,20281.9259259259
201809상순,15205,감자 수미,20키로상자,상,40545.0,42553.9,37492.5,34139.375,20210.3888888888
201809중순,15205,감자 수미,20키로상자,상,40888.3333333333,40545.0,37474.0,34078.4444444444,20119.7071428571
201809하순,15205,감자 수미,20키로상자,상,43794.2,40888.3333333333,42553.9,35613.2222222222,20534.7724867724
201810상순,15205,감자 수미,20키로상자,상,39750.7777777777,43794.2,40545.0,37270.4,19225.574074074
201810중순,15205,감자 수미,20키로상자,상,38609.5555555555,39750.7777777777,40888.3333333333,36015.2222222222,19836.75
201810하순,15205,감자 수미,20키로상자,상,38498.5555555555,38609.5555555555,43794.2,33901.2222222222,20383.8407407407
201811상순,15205,감자 수미,20키로상자,상,43583.2222222222,38498.5555555555,39750.7777777777,35208.4444444444,22684.6481481481
201811중순,15205,감자 수미,20키로상자,상,42668.375,43583.2222222222,38609.5555555555,35669.125,23339.4768518518
201811하순,15205,감자 수미,20키로상자,상,40473.0,42668.375,38498.5555555555,38945.3333333333,24387.2129629629
201812상순,15205,감자 수미,20키로상자,상,39453.75,40473.0,43583.2222222222,37812.375,24987.8888888888
201812중순,15205,감자 수미,20키로상자,상,42736.0,39453.75,42668.375,45214.0,24233.0046296296
201812하순,15205,감자 수미,20키로상자,상,42905.4444444444,42736.0,40473.0,43034.7777777777,25547.3185185185
201901상순,15205,감자 수미,20키로상자,상,42425.8571428571,42905.4444444444,39453.75,44170.2857142857,26176.0793650793
201901중순,15205,감자 수미,20키로상자,상,39410.625,42425.8571428571,42736.0,48283.7777777777,25604.1203703703
201901하순,15205,감자 수미,20키로상자,상,40487.0,39410.625,42905.4444444444,50243.0,28817.3185185185
201902상순,15205,감자 수미,20키로상자,상,42759.8,40487.0,42425.8571428571,55380.6666666666,32006.7129629629
201902중순,15205,감자 수미,20키로상자,상,42351.4444444444,42759.8,39410.625,59133.0,30440.2156084656
201902하순,15205,감자 수미,20키로상자,상,41386.4285714285,42351.4444444444,40487.0,60486.7142857142,32121.6904761904
201903상순,15205,감자 수미,20키로상자,상,49899.75,41386.4285714285,42759.8,64069.7777777777,34324.9814814814
201903중순,15205,감자 수미,20키로상자,상,57439.0,49899.75,42351.4444444444,70821.5,36563.9907407407
201903하순,15205,감자 수미,20키로상자,상,64747.0,57439.0,41386.4285714285,92194.7,40465.9333333333
201904상순,15205,감자 수미,20키로상자,상,60224.3333333333,64747.0,49899.75,115127.75,39218.5277777777
201904중순,15205,감자 수미,20키로상자,상,51644.0,60224.3333333333,57439.0,109036.555555555,41861.6898148148
201904하순,15205,감자 수미,20키로상자,상,41836.0,51644.0,64747.0,98434.25,41598.7407407407
201905상순,15205,감자 수미,20키로상자,상,43263.3333333333,41836.0,60224.3333333333,74557.5555555555,42902.0694444444
201905중순,15205,감자 수미,20키로상자,상,43274.625,43263.3333333333,51644.0,50940.125,44515.9305555555
201905하순,15205,감자 수미,20키로상자,상,29787.3,43274.625,41836.0,41498.0,33195.074074074
201906상순,15205,감자 수미,20키로상자,상,21312.5,29787.3,43263.3333333333,25062.25,25265.2916666666
201906중순,15205,감자 수미,20키로상자,상,18377.0,21312.5,43274.625,23764.6666666666,21960.8472222222
201906하순,15205,감자 수미,20키로상자,상,19100.25,18377.0,29787.3,23870.0,20506.199074074
201907상순,15205,감자 수미,20키로상자,상,16363.6666666666,19100.25,21312.5,24741.5,20470.7962962962
201907중순,15205,감자 수미,20키로상자,상,19713.4444444444,16363.6666666666,18377.0,24151.8888888888,21377.3379629629
201907하순,15205,감자 수미,20키로상자,상,19781.8888888888,19713.4444444444,19100.25,28255.1111111111,23308.0888888888
201908상순,15205,감자 수미,20키로상자,상,18478.875,19781.8888888888,16363.6666666666,37492.5,24084.1964285714
201908중순,15205,감자 수미,20키로상자,상,18589.375,18478.875,19713.4444444444,37474.0,25620.9259259259
201908하순,15205,감자 수미,20키로상자,상,16749.9,18589.375,19781.8888888888,42553.9,25909.4518518518
201909상순,15205,감자 수미,20키로상자,상,17472.125,16749.9,18478.875,40545.0,25125.0138888888
201909중순,15205,감자 수미,20키로상자,상,17827.0,17472.125,18589.375,40888.3333333333,25032.3314814814
201909하순,15205,감자 수미,20키로상자,상,16790.875,17827.0,16749.9,43794.2,25670.5608465608
201910상순,15205,감자 수미,20키로상자,상,16971.6666666666,16790.875,17472.125,39750.7777777777,25920.5592592592
201910중순,15205,감자 수미,20키로상자,상,18049.625,16971.6666666666,17827.0,38609.5555555555,25901.1574074074
201910하순,15205,감자 수미,20키로상자,상,16343.6,18049.625,16790.875,38498.5555555555,25829.5814814814
201911상순,15205,감자 수미,20키로상자,상,19046.625,16343.6,16971.6666666666,43583.2222222222,27781.1712962962
201911중순,15205,감자 수미,20키로상자,상,19557.1111111111,19046.625,18049.625,42668.375,28977.2592592592
201911하순,15205,감자 수미,20키로상자,상,20174.5555555555,19557.1111111111,16343.6,40473.0,30899.287037037
201912상순,15205,감자 수미,20키로상자,상,20087.875,20174.5555555555,19046.625,39453.75,30608.2731481481
201912중순,15205,감자 수미,20키로상자,상,18996.0,20087.875,19557.1111111111,42736.0,31817.0416666666
201912하순,15205,감자 수미,20키로상자,상,23131.5555555555,18996.0,20174.5555555555,42905.4444444444,32817.6148148148
202001상순,15205,감자 수미,20키로상자,상,25534.5714285714,23131.5555555555,20087.875,42425.8571428571,32968.8095238095
202001중순,15205,감자 수미,20키로상자,상,31222.625,25534.5714285714,18996.0,39410.625,31513.2453703703
202001하순,15205,감자 수미,20키로상자,상,25292.625,31222.625,23131.5555555555,40487.0,33510.0185185185
202002상순,15205,감자 수미,20키로상자,상,32808.625,25292.625,25534.5714285714,42759.8,35691.7296296296
202002중순,15205,감자 수미,20키로상자,상,31611.1111111111,32808.625,31222.625,42351.4444444444,34849.9933862433
202002하순,15205,감자 수미,20키로상자,상,47156.75,31611.1111111111,25292.625,41386.4285714285,35716.0238095238
202003상순,15205,감자 수미,20키로상자,상,39013.875,47156.75,32808.625,49899.75,41217.787037037
202003중순,15205,감자 수미,20키로상자,상,42721.7777777777,39013.875,31611.1111111111,57439.0,44528.8657407407
202003하순,15205,감자 수미,20키로상자,상,44674.3333333333,42721.7777777777,47156.75,64747.0,49818.0666666666
202004상순,15205,감자 수미,20키로상자,상,41647.0,44674.3333333333,39013.875,60224.3333333333,46707.8055555555
202004중순,15205,감자 수미,20키로상자,상,45116.75,41647.0,42721.7777777777,51644.0,47278.5046296296
202004하순,15205,감자 수미,20키로상자,상,49584.4444444444,45116.75,44674.3333333333,41836.0,44104.6666666666
202005상순,15205,감자 수미,20키로상자,상,48522.75,49584.4444444444,41647.0,43263.3333333333,45690.3055555555
202005중순,15205,감자 수미,20키로상자,상,43740.4444444444,48522.75,45116.75,43274.625,47913.3611111111
202005하순,15205,감자 수미,20키로상자,상,28288.2222222222,43740.4444444444,49584.4444444444,29787.3,34731.6925925926
202006상순,15205,감자 수미,20키로상자,상,27899.2222222222,28288.2222222222,48522.75,21312.5,25102.9166666666
202006중순,15205,감자 수미,20키로상자,상,25177.1111111111,27899.2222222222,43740.4444444444,18377.0,22015.4305555555
202006하순,15205,감자 수미,20키로상자,상,20325.5,25177.1111111111,28288.2222222222,19100.25,21779.2083333333
202007상순,15205,감자 수미,20키로상자,상,19618.4444444444,20325.5,27899.2222222222,16363.6666666666,20240.8703703703
202007중순,15205,감자 수미,20키로상자,상,20345.875,19618.4444444444,25177.1111111111,19713.4444444444,21934.5277777777
202007하순,15205,감자 수미,20키로상자,상,22674.9,20345.875,20325.5,19781.8888888888,23553.7851851851
202008상순,15205,감자 수미,20키로상자,상,27167.5714285714,22674.9,19618.4444444444,18478.875,23731.1071428571
202008중순,15205,감자 수미,20키로상자,상,29195.1111111111,27167.5714285714,20345.875,18589.375,25309.074074074
202008하순,15205,감자 수미,20키로상자,상,30142.6666666666,29195.1111111111,22674.9,16749.9,25821.7851851851
202009상순,15205,감자 수미,20키로상자,상,29065.1111111111,30142.6666666666,27167.5714285714,17472.125,25125.0138888888
202009중순,15205,감자 수미,20키로상자,상,30463.625,29065.1111111111,29195.1111111111,17827.0,25032.3314814814
202009하순,15205,감자 수미,20키로상자,상,32092.7777777777,30463.625,30142.6666666666,16790.875,25670.5608465608
202010상순,15205,감자 수미,20키로상자,상,30682.3333333333,32092.7777777777,29065.1111111111,16971.6666666666,25920.5592592592
202010중순,15205,감자 수미,20키로상자,상,27132.75,30682.3333333333,30463.625,18049.625,25901.1574074074
202010하순,15205,감자 수미,20키로상자,상,28129.3,27132.75,32092.7777777777,16343.6,25829.5814814814
202011상순,15205,감자 수미,20키로상자,상,28878.875,28129.3,30682.3333333333,19046.625,27781.1712962962
202011중순,15205,감자 수미,20키로상자,상,28705.3333333333,28878.875,27132.75,19557.1111111111,28977.2592592592
202011하순,15205,감자 수미,20키로상자,상,28987.25,28705.3333333333,28129.3,20174.5555555555,30899.287037037
202012상순,15205,감자 수미,20키로상자,상,28334.0,28987.25,28878.875,20087.875,30608.2731481481
202012중순,15205,감자 수미,20키로상자,상,27792.625,28334.0,28705.3333333333,18996.0,31817.0416666666
202012하순,15205,감자 수미,20키로상자,상,29702.2,27792.625,28987.25,23131.5555555555,32817.6148148148
202101상순,15205,감자 수미,20키로상자,상,40769.1666666666,29702.2,28334.0,25534.5714285714,32968.8095238095
202101중순,15205,감자 수미,20키로상자,상,42077.3333333333,40769.1666666666,27792.625,31222.625,33322.3425925925
202101하순,15205,감자 수미,20키로상자,상,38563.3333333333,42077.3333333333,29702.2,25292.625,33510.0185185185
202102상순,15205,감자 수미,20키로상자,상,44619.1111111111,38563.3333333333,40769.1666666666,32808.625,35970.4379629629
202102중순,15205,감자 수미,20키로상자,상,37598.1428571428,44619.1111111111,42077.3333333333,31611.1111111111,34875.9351851851
202102하순,15205,감자 수미,20키로상자,상,46297.3333333333,37598.1428571428,38563.3333333333,47156.75,39999.1071428571
202103상순,15205,감자 수미,20키로상자,상,41993.2222222222,46297.3333333333,44619.1111111111,39013.875,42276.912037037
202103중순,15205,감자 수미,20키로상자,상,44973.8888888888,41993.2222222222,37598.1428571428,42721.7777777777,45073.0509259259
202103하순,15205,감자 수미,20키로상자,상,50238.6666666666,44973.8888888888,46297.3333333333,44674.3333333333,49147.5111111111
202104상순,15205,감자 수미,20키로상자,상,52161.5555555555,50238.6666666666,41993.2222222222,41647.0,46562.0277777777
202104중순,15205,감자 수미,20키로상자,상,49735.625,52161.5555555555,44973.8888888888,45116.75,44204.2129629629
202104하순,15205,감자 수미,20키로상자,상,39849.5555555555,49735.625,50238.6666666666,49584.4444444444,43029.4814814814
202105상순,15205,감자 수미,20키로상자,상,35688.375,39849.5555555555,52161.5555555555,48522.75,44544.1388888889
202105중순,15205,감자 수미,20키로상자,상,30354.8888888888,35688.375,49735.625,43740.4444444444,45513.4675925925
202105하순,15205,감자 수미,20키로상자,상,26344.8888888888,30354.8888888888,39849.5555555555,28288.2222222222,31011.7666666666
202106상순,15205,감자 수미,20키로상자,상,20955.6666666666,26344.8888888888,35688.375,27899.2222222222,24757.9907407407
202106중순,15205,감자 수미,20키로상자,상,18250.875,20955.6666666666,30354.8888888888,25177.1111111111,22015.4305555555
202106하순,15205,감자 수미,20키로상자,상,19178.3333333333,18250.875,26344.8888888888,20325.5,21098.5833333333
202107상순,15205,감자 수미,20키로상자,상,20931.2222222222,19178.3333333333,20955.6666666666,19618.4444444444,20241.2037037037
202107중순,15205,감자 수미,20키로상자,상,20168.75,20931.2222222222,18250.875,20345.875,21403.7361111111
202107하순,15205,감자 수미,20키로상자,상,23343.8,20168.75,19178.3333333333,22674.9,23434.8185185185
202108상순,15205,감자 수미,20키로상자,상,28258.0,23343.8,20931.2222222222,27167.5714285714,25682.7738095238
202108중순,15205,감자 수미,20키로상자,상,29960.0,28258.0,20168.75,29195.1111111111,27594.074074074
202108하순,15205,감자 수미,20키로상자,상,28987.1111111111,29960.0,23343.8,30142.6666666666,28767.8962962963
202109상순,15205,감자 수미,20키로상자,상,29590.0,28987.1111111111,28258.0,29065.1111111111,28106.125
202109중순,15205,감자 수미,20키로상자,상,31365.1428571428,29590.0,29960.0,30463.625,28510.6231481481
202109하순,15205,감자 수미,20키로상자,상,30398.0,31365.1428571428,28987.1111111111,32092.7777777777,29588.6296296296
202110상순,15205,감자 수미,20키로상자,상,28628.375,30398.0,29590.0,30682.3333333333,29318.0777777777
202110중순,15205,감자 수미,20키로상자,상,29441.5555555555,28628.375,31365.1428571428,27132.75,28189.9907407407
202110하순,15205,감자 수미,20키로상자,상,28299.8888888888,29441.5555555555,30398.0,28129.3,28143.2481481481
202111상순,15205,감자 수미,20키로상자,상,30181.4444444444,28299.8888888888,28628.375,28878.875,29376.9212962962
202111중순,15205,감자 수미,20키로상자,상,33761.3333333333,30181.4444444444,29441.5555555555,28705.3333333333,30634.7777777777
202111하순,15205,감자 수미,20키로상자,상,36023.875,33761.3333333333,28299.8888888888,28987.25,32139.787037037
202112상순,15205,감자 수미,20키로상자,상,35233.6666666666,36023.875,30181.4444444444,28334.0,31688.6435185185
202112중순,15205,감자 수미,20키로상자,상,32679.125,35233.6666666666,33761.3333333333,27792.625,33251.9166666666
202112하순,15205,감자 수미,20키로상자,상,42440.6,32679.125,36023.875,29702.2,34313.1814814814
202201상순,15205,감자 수미,20키로상자,상,41487.5714285714,42440.6,35233.6666666666,40769.1666666666,37747.5317460317
202201중순,15205,감자 수미,20키로상자,상,41723.3333333333,41487.5714285714,32679.125,42077.3333333333,37570.1944444444
202201하순,15205,감자 수미,20키로상자,상,42772.875,41723.3333333333,42440.6,38563.3333333333,37221.7222222222
202202상순,15205,감자 수미,20키로상자,상,45327.1666666666,42772.875,41487.5714285714,44619.1111111111,40062.512037037
202202중순,15205,감자 수미,20키로상자,상,45113.875,45327.1666666666,41723.3333333333,37598.1428571428,37186.8994708994
202202하순,15205,감자 수미,20키로상자,상,50586.0,45113.875,42772.875,46297.3333333333,44946.8373015873
202203상순,15205,감자 수미,20키로상자,상,49159.1111111111,50586.0,45327.1666666666,41993.2222222222,43635.6157407407
202203중순,15205,감자 수미,20키로상자,상,50587.125,49159.1111111111,45113.875,44973.8888888888,48378.2222222222
202203하순,15205,감자 수미,20키로상자,상,67062.9,50587.125,50586.0,50238.6666666666,53220.0
202204상순,15205,감자 수미,20키로상자,상,67194.25,67062.9,49159.1111111111,52161.5555555555,51344.2962962962
202204중순,15205,감자 수미,20키로상자,상,61094.7777777777,67194.25,50587.125,49735.625,48832.125
202204하순,15205,감자 수미,20키로상자,상,72730.6666666666,61094.7777777777,67062.9,39849.5555555555,43756.6666666666
202205상순,15205,감자 수미,20키로상자,상,72345.125,72730.6666666666,67194.25,35688.375,44544.1388888889
202205중순,15205,감자 수미,20키로상자,상,53828.0,72345.125,61094.7777777777,30354.8888888888,45513.4675925926
202205하순,15205,감자 수미,20키로상자,상,44992.1111111111,53828.0,72730.6666666666,26344.8888888888,31011.7666666666
202206상순,15205,감자 수미,20키로상자,상,35504.8888888888,44992.1111111111,72345.125,20955.6666666666,24757.9907407407
202206중순,15205,감자 수미,20키로상자,상,36619.0,35504.8888888888,53828.0,18250.875,22015.4305555555
202206하순,15205,감자 수미,20키로상자,상,35295.2222222222,36619.0,44992.1111111111,19178.3333333333,21124.6111111111
202207상순,15205,감자 수미,20키로상자,상,31390.75,35295.2222222222,35504.8888888888,20931.2222222222,21763.7222222222
202207중순,15205,감자 수미,20키로상자,상,35205.6666666666,31390.75,36619.0,20168.75,21555.5046296296
202207하순,15205,감자 수미,20키로상자,상,34771.0,35205.6666666666,35295.2222222222,23343.8,24622.1222222222
202208상순,15205,감자 수미,20키로상자,상,37765.7777777777,34771.0,31390.75,28258.0,28942.4821428571
202208중순,15205,감자 수미,20키로상자,상,38959.7777777777,37765.7777777777,35205.6666666666,29960.0,31310.3703703703
202208하순,15205,감자 수미,20키로상자,상,38485.4444444444,38959.7777777777,34771.0,28987.1111111111,31883.8592592592
202209상순,15205,감자 수미,20키로상자,상,40017.5,38485.4444444444,37765.7777777777,29590.0,30931.4953703703
202209중순,15205,감자 수미,20키로상자,상,39841.0,40017.5,38959.7777777777,31365.1428571428,31969.0707671957
202209하순,15205,감자 수미,20키로상자,상,36873.2222222222,39841.0,38485.4444444444,30398.0,32701.3333333333
202210상순,15205,감자 수미,20키로상자,상,37901.375,36873.2222222222,40017.5,28628.375,32193.7027777777
202210중순,15205,감자 수미,20키로상자,상,40007.4444444444,37901.375,39841.0,29441.5555555555,30863.1759259259
202210하순,15205,감자 수미,20키로상자,상,37984.1111111111,40007.4444444444,36873.2222222222,28299.8888888888,30110.137037037
202211상순,15205,감자 수미,20키로상자,상,40469.7777777777,37984.1111111111,37901.375,30181.4444444444,31422.9212962962
202211중순,15205,감자 수미,20키로상자,상,41064.0,40469.7777777777,40007.4444444444,33761.3333333333,32711.9305555555
202211하순,15205,감자 수미,20키로상자,상,42789.8888888888,41064.0,37984.1111111111,36023.875,34652.1527777777
202212상순,15205,감자 수미,20키로상자,상,39267.2222222222,42789.8888888888,40469.7777777777,35233.6666666666,33793.3472222222
202212중순,15205,감자 수미,20키로상자,상,39878.25,39267.2222222222,41064.0,32679.125,34402.5833333333
202212하순,15205,감자 수미,20키로상자,상,47069.5,39878.25,42789.8888888888,42440.6,38349.4148148148
201801상순,24501,대파(일반),1키로단,상,1685.28571428571,1549.33333333333,1574.875,2098.57142857142,1620.0291005291
201801중순,24501,대파(일반),1키로단,상,1624.88888888888,1685.28571428571,1588.88888888888,1932.22222222222,1422.50925925925
201801하순,24501,대파(일반),1키로단,상,1834.33333333333,1624.88888888888,1549.33333333333,2073.5,1520.26666666666
201802상순,24501,대파(일반),1키로단,상,2530.11111111111,1834.33333333333,1685.28571428571,2119.88888888888,1793.42129629629
201802중순,24501,대파(일반),1키로단,상,1537.83333333333,2530.11111111111,1624.88888888888,2121.625,1977.73214285714
201802하순,24501,대파(일반),1키로단,상,1444.28571428571,1537.83333333333,1834.33333333333,2347.85714285714,1889.74603174603
201803상순,24501,대파(일반),1키로단,상,1426.0,1444.28571428571,2530.11111111111,2875.88888888888,1913.81018518518
201803중순,24501,대파(일반),1키로단,상,1309.125,1426.0,1537.83333333333,2509.375,1816.84722222222
201803하순,24501,대파(일반),1키로단,상,1121.2,1309.125,1444.28571428571,2475.8,1716.19259259259
201804상순,24501,대파(일반),1키로단,상,914.125,1121.2,1426.0,2122.5,1814.7037037037
201804중순,24501,대파(일반),1키로단,상,787.444444444444,914.125,1309.125,1528.11111111111,1640.25462962962
201804하순,24501,대파(일반),1키로단,상,1001.75,787.444444444444,1121.2,1264.0,1653.62962962962
201805상순,24501,대파(일반),1키로단,상,1254.0,1001.75,914.125,1524.33333333333,1710.49537037037
201805중순,24501,대파(일반),1키로단,상,883.625,1254.0,787.444444444444,1380.88888888888,1521.39351851851
201805하순,24501,대파(일반),1키로단,상,1385.3,883.625,1001.75,1349.55555555555,1511.76296296296
201806상순,24501,대파(일반),1키로단,상,1237.0,1385.3,1254.0,1236.88888888888,1322.68055555555
201806중순,24501,대파(일반),1키로단,상,1148.88888888888,1237.0,883.625,1130.625,1218.27314814814
201806하순,24501,대파(일반),1키로단,상,1288.88888888888,1148.88888888888,1385.3,958.444444444444,1023.70833333333
201807상순,24501,대파(일반),1키로단,상,1323.625,1288.88888888888,1237.0,1073.75,1128.79629629629
201807중순,24501,대파(일반),1키로단,상,1202.77777777777,1323.625,1148.88888888888,1287.22222222222,1176.77777777777
201807하순,24501,대파(일반),1키로단,상,1399.88888888888,1202.77777777777,1288.88888888888,1571.44444444444,1256.81481481481
201808상순,24501,대파(일반),1키로단,상,1608.75,1399.88888888888,1323.625,1887.75,1503.16666666666
201808중순,24501,대파(일반),1키로단,상,1843.125,1608.75,1202.77777777777,2080.25,1538.05555555555
201808하순,24501,대파(일반),1키로단,상,2981.1,1843.125,1399.88888888888,2128.5,1759.92592592592
201809상순,24501,대파(일반),1키로단,상,2997.375,2981.1,1608.75,1798.5,1640.35185185185
201809중순,24501,대파(일반),1키로단,상,2670.66666666666,2997.375,1843.125,1832.22222222222,1738.30621693121
201809하순,24501,대파(일반),1키로단,상,2904.0,2670.66666666666,2981.1,1665.55555555555,1627.32804232804
201810상순,24501,대파(일반),1키로단,상,2809.44444444444,2904.0,2997.375,2145.0,1665.94907407407
201810중순,24501,대파(일반),1키로단,상,1848.77777777777,2809.44444444444,2670.66666666666,1306.66666666666,1301.80555555555
201810하순,24501,대파(일반),1키로단,상,1907.77777777777,1848.77777777777,2904.0,1207.55555555555,1256.75185185185
201811상순,24501,대파(일반),1키로단,상,1852.44444444444,1907.77777777777,2809.44444444444,1120.0,1287.66666666666
201811중순,24501,대파(일반),1키로단,상,1827.75,1852.44444444444,1848.77777777777,1317.125,1532.22685185185
201811하순,24501,대파(일반),1키로단,상,1606.22222222222,1827.75,1907.77777777777,1459.22222222222,1673.9537037037
201812상순,24501,대파(일반),1키로단,상,1827.375,1606.22222222222,1852.44444444444,1574.875,1764.06944444444
201812중순,24501,대파(일반),1키로단,상,1530.66666666666,1827.375,1827.75,1588.88888888888,1535.62037037037
201812하순,24501,대파(일반),1키로단,상,1412.0,1530.66666666666,1606.22222222222,1549.33333333333,1511.73333333333
201901상순,24501,대파(일반),1키로단,상,1500.85714285714,1412.0,1827.375,1685.28571428571,1525.07671957671
201901중순,24501,대파(일반),1키로단,상,1188.5,1500.85714285714,1530.66666666666,1624.88888888888,1410.84722222222
201901하순,24501,대파(일반),1키로단,상,1170.7,1188.5,1412.0,1834.33333333333,1665.97777777777
201902상순,24501,대파(일반),1키로단,상,1156.4,1170.7,1500.85714285714,2530.11111111111,2000.625
201902중순,24501,대파(일반),1키로단,상,1170.33333333333,1156.4,1188.5,1537.83333333333,1746.77182539682
201902하순,24501,대파(일반),1키로단,상,953.142857142857,1170.33333333333,1170.7,1444.28571428571,1785.41269841269
201903상순,24501,대파(일반),1키로단,상,914.375,953.142857142857,1156.4,1426.0,1711.01851851851
201903중순,24501,대파(일반),1키로단,상,851.222222222222,914.375,1170.33333333333,1309.125,1605.66666666666
201903하순,24501,대파(일반),1키로단,상,698.444444444444,851.222222222222,953.142857142857,1121.2,1445.88888888888
201904상순,24501,대파(일반),1키로단,상,842.111111111111,698.444444444444,914.375,914.125,1450.37037037037
201904중순,24501,대파(일반),1키로단,상,829.666666666666,842.111111111111,851.222222222222,787.444444444444,1248.47685185185
201904하순,24501,대파(일반),1키로단,상,894.625,829.666666666666,698.444444444444,1001.75,1293.62037037037
201905상순,24501,대파(일반),1키로단,상,1187.22222222222,894.625,842.111111111111,1254.0,1481.23611111111
201905중순,24501,대파(일반),1키로단,상,1414.375,1187.22222222222,829.666666666666,883.625,1308.06018518518
201905하순,24501,대파(일반),1키로단,상,1718.9,1414.375,894.625,1385.3,1504.39629629629
201906상순,24501,대파(일반),1키로단,상,1756.125,1718.9,1187.22222222222,1237.0,1329.88888888888
201906중순,24501,대파(일반),1키로단,상,1439.77777777777,1756.125,1414.375,1148.88888888888,1219.08796296296
201906하순,24501,대파(일반),1키로단,상,1370.875,1439.77777777777,1718.9,1288.88888888888,1173.29629629629
201907상순,24501,대파(일반),1키로단,상,1561.66666666666,1370.875,1756.125,1323.625,1250.70833333333
201907중순,24501,대파(일반),1키로단,상,1563.55555555555,1561.66666666666,1439.77777777777,1202.77777777777,1229.62962962962
201907하순,24501,대파(일반),1키로단,상,1582.88888888888,1563.55555555555,1370.875,1399.88888888888,1318.44444444444
201908상순,24501,대파(일반),1키로단,상,1908.625,1582.88888888888,1561.66666666666,1608.75,1640.08333333333
201908중순,24501,대파(일반),1키로단,상,1623.625,1908.625,1563.55555555555,1843.125,1699.26388888888
201908하순,24501,대파(일반),1키로단,상,1334.9,1623.625,1582.88888888888,2981.1,1983.42592592592
201909상순,24501,대파(일반),1키로단,상,1732.0,1334.9,1908.625,2997.375,1824.9074074074
201909중순,24501,대파(일반),1키로단,상,1701.14285714285,1732.0,1623.625,2670.66666666666,1928.11574074074
201909하순,24501,대파(일반),1키로단,상,1683.875,1701.14285714285,1334.9,2904.0,1818.67195767195
201910상순,24501,대파(일반),1키로단,상,1734.11111111111,1683.875,1732.0,2809.44444444444,2004.43055555555
201910중순,24501,대파(일반),1키로단,상,1503.25,1734.11111111111,1701.14285714285,1848.77777777777,1542.68981481481
201910하순,24501,대파(일반),1키로단,상,1576.8,1503.25,1683.875,1907.77777777777,1512.51111111111
201911상순,24501,대파(일반),1키로단,상,1468.0,1576.8,1734.11111111111,1852.44444444444,1504.18981481481
201911중순,24501,대파(일반),1키로단,상,1571.33333333333,1468.0,1503.25,1827.75,1637.625
201911하순,24501,대파(일반),1키로단,상,1425.33333333333,1571.33333333333,1576.8,1606.22222222222,1741.73148148148
201912상순,24501,대파(일반),1키로단,상,1494.25,1425.33333333333,1468.0,1827.375,1848.23611111111
201912중순,24501,대파(일반),1키로단,상,1333.0,1494.25,1571.33333333333,1530.66666666666,1631.10185185185
201912하순,24501,대파(일반),1키로단,상,1405.66666666666,1333.0,1425.33333333333,1412.0,1630.84444444444
202001상순,24501,대파(일반),1키로단,상,1406.28571428571,1405.66666666666,1494.25,1500.85714285714,1669.4365079365
202001중순,24501,대파(일반),1키로단,상,1084.625,1406.28571428571,1333.0,1188.5,1486.38888888888
202001하순,24501,대파(일반),1키로단,상,926.375,1084.625,1405.66666666666,1170.7,1692.84444444444
202002상순,24501,대파(일반),1키로단,상,1106.125,926.375,1406.28571428571,1156.4,2000.625
202002중순,24501,대파(일반),1키로단,상,924.555555555555,1106.125,1084.625,1170.33333333333,1746.77182539682
202002하순,24501,대파(일반),1키로단,상,922.125,924.555555555555,926.375,953.142857142857,1785.41269841269
202003상순,24501,대파(일반),1키로단,상,807.375,922.125,1106.125,914.375,1711.01851851851
202003중순,24501,대파(일반),1키로단,상,788.0,807.375,924.555555555555,851.222222222222,1605.66666666666
202003하순,24501,대파(일반),1키로단,상,766.111111111111,788.0,922.125,698.444444444444,1445.88888888888
202004상순,24501,대파(일반),1키로단,상,823.333333333333,766.111111111111,807.375,842.111111111111,1449.74537037037
202004중순,24501,대파(일반),1키로단,상,905.375,823.333333333333,788.0,829.666666666666,1262.55092592592
202004하순,24501,대파(일반),1키로단,상,1138.22222222222,905.375,766.111111111111,894.625,1293.62037037037
202005상순,24501,대파(일반),1키로단,상,1324.875,1138.22222222222,823.333333333333,1187.22222222222,1481.23611111111
202005중순,24501,대파(일반),1키로단,상,1449.11111111111,1324.875,905.375,1414.375,1484.97685185185
202005하순,24501,대파(일반),1키로단,상,1503.0,1449.11111111111,1138.22222222222,1718.9,1627.51111111111
202006상순,24501,대파(일반),1키로단,상,1363.88888888888,1503.0,1324.875,1756.125,1502.96759259259
202006중순,24501,대파(일반),1키로단,상,1622.88888888888,1363.88888888888,1449.11111111111,1439.77777777777,1322.13888888888
202006하순,24501,대파(일반),1키로단,상,1555.0,1622.88888888888,1503.0,1370.875,1310.77314814814
202007상순,24501,대파(일반),1키로단,상,1448.22222222222,1555.0,1363.88888888888,1561.66666666666,1413.34722222222
202007중순,24501,대파(일반),1키로단,상,1758.0,1448.22222222222,1622.88888888888,1563.55555555555,1351.18518518518
202007하순,24501,대파(일반),1키로단,상,1718.3,1758.0,1555.0,1582.88888888888,1518.07407407407
202008상순,24501,대파(일반),1키로단,상,2950.85714285714,1718.3,1448.22222222222,1908.625,1801.70833333333
202008중순,24501,대파(일반),1키로단,상,2571.66666666666,2950.85714285714,1758.0,1623.625,1746.54629629629
202008하순,24501,대파(일반),1키로단,상,2312.44444444444,2571.66666666666,1718.3,1334.9,1983.42592592592
202009상순,24501,대파(일반),1키로단,상,2712.77777777777,2312.44444444444,2950.85714285714,1732.0,1824.9074074074
202009중순,24501,대파(일반),1키로단,상,2425.875,2712.77777777777,2571.66666666666,1701.14285714285,1928.11574074074
202009하순,24501,대파(일반),1키로단,상,2661.0,2425.875,2312.44444444444,1683.875,1824.77843915343
202010상순,24501,대파(일반),1키로단,상,2905.0,2661.0,2712.77777777777,1734.11111111111,2004.43055555555
202010중순,24501,대파(일반),1키로단,상,2530.5,2905.0,2425.875,1503.25,1608.21759259259
202010하순,24501,대파(일반),1키로단,상,2776.7,2530.5,2661.0,1576.8,1635.59259259259
202011상순,24501,대파(일반),1키로단,상,2771.125,2776.7,2905.0,1468.0,1620.18981481481
202011중순,24501,대파(일반),1키로단,상,2803.66666666666,2771.125,2530.5,1571.33333333333,1722.36111111111
202011하순,24501,대파(일반),1키로단,상,2259.25,2803.66666666666,2776.7,1425.33333333333,1741.73148148148
202012상순,24501,대파(일반),1키로단,상,1782.88888888888,2259.25,2771.125,1494.25,1828.78703703703
202012중순,24501,대파(일반),1키로단,상,1913.375,1782.88888888888,2803.66666666666,1333.0,1631.10185185185
202012하순,24501,대파(일반),1키로단,상,1782.9,1913.375,2259.25,1405.66666666666,1630.84444444444
202101상순,24501,대파(일반),1키로단,상,2759.5,1782.9,1782.88888888888,1406.28571428571,1669.4365079365
202101중순,24501,대파(일반),1키로단,상,3285.33333333333,2759.5,1913.375,1084.625,1486.38888888888
202101하순,24501,대파(일반),1키로단,상,3452.22222222222,3285.33333333333,1782.9,926.375,1692.84444444444
202102상순,24501,대파(일반),1키로단,상,4306.55555555555,3452.22222222222,2759.5,1106.125,1935.46666666666
202102중순,24501,대파(일반),1키로단,상,4670.14285714285,4306.55555555555,3285.33333333333,924.555555555555,1609.93055555555
202102하순,24501,대파(일반),1키로단,상,5488.83333333333,4670.14285714285,3452.22222222222,922.125,1562.23809523809
202103상순,24501,대파(일반),1키로단,상,5175.88888888888,5488.83333333333,4306.55555555555,807.375,1555.97685185185
202103중순,24501,대파(일반),1키로단,상,4386.22222222222,5175.88888888888,4670.14285714285,788.0,1441.4074074074
202103하순,24501,대파(일반),1키로단,상,4440.88888888888,4386.22222222222,5488.83333333333,766.111111111111,1310.37037037037
202104상순,24501,대파(일반),1키로단,상,4296.22222222222,4440.88888888888,5175.88888888888,823.333333333333,1261.41203703703
202104중순,24501,대파(일반),1키로단,상,4370.0,4296.22222222222,4386.22222222222,905.375,1087.71759259259
202104하순,24501,대파(일반),1키로단,상,3715.22222222222,4370.0,4440.88888888888,1138.22222222222,1134.6574074074
202105상순,24501,대파(일반),1키로단,상,3749.0,3715.22222222222,4296.22222222222,1324.875,1367.73611111111
202105중순,24501,대파(일반),1키로단,상,2249.44444444444,3749.0,4370.0,1449.11111111111,1414.79166666666
202105하순,24501,대파(일반),1키로단,상,1445.55555555555,2249.44444444444,3715.22222222222,1503.0,1535.73333333333
202106상순,24501,대파(일반),1키로단,상,1183.11111111111,1445.55555555555,3749.0,1363.88888888888,1372.22222222222
202106중순,24501,대파(일반),1키로단,상,1052.75,1183.11111111111,2249.44444444444,1622.88888888888,1322.13888888888
202106하순,24501,대파(일반),1키로단,상,850.333333333333,1052.75,1445.55555555555,1555.0,1310.77314814814
202107상순,24501,대파(일반),1키로단,상,1022.22222222222,850.333333333333,1183.11111111111,1448.22222222222,1375.5324074074
202107중순,24501,대파(일반),1키로단,상,884.375,1022.22222222222,1052.75,1758.0,1351.18518518518
202107하순,24501,대파(일반),1키로단,상,844.3,884.375,850.333333333333,1718.3,1518.07407407407
202108상순,24501,대파(일반),1키로단,상,1382.28571428571,844.3,1022.22222222222,2950.85714285714,1801.70833333333
202108중순,24501,대파(일반),1키로단,상,1165.11111111111,1382.28571428571,884.375,2571.66666666666,1849.0
202108하순,24501,대파(일반),1키로단,상,1342.22222222222,1165.11111111111,844.3,2312.44444444444,2075.68518518518
202109상순,24501,대파(일반),1키로단,상,1490.33333333333,1342.22222222222,1382.28571428571,2712.77777777777,2138.64814814814
202109중순,24501,대파(일반),1키로단,상,1849.71428571428,1490.33333333333,1165.11111111111,2425.875,2138.0324074074
202109하순,24501,대파(일반),1키로단,상,1274.16666666666,1849.71428571428,1342.22222222222,2661.0,2119.58796296296
202110상순,24501,대파(일반),1키로단,상,1316.375,1274.16666666666,1490.33333333333,2905.0,2339.35648148148
202110중순,24501,대파(일반),1키로단,상,1427.55555555555,1316.375,1849.71428571428,2530.5,1755.1574074074
202110하순,24501,대파(일반),1키로단,상,1601.33333333333,1427.55555555555,1274.16666666666,2776.7,1850.04444444444
202111상순,24501,대파(일반),1키로단,상,1582.77777777777,1601.33333333333,1316.375,2771.125,1818.11111111111
202111중순,24501,대파(일반),1키로단,상,1754.22222222222,1582.77777777777,1427.55555555555,2803.66666666666,1934.81944444444
202111하순,24501,대파(일반),1키로단,상,1460.25,1754.22222222222,1601.33333333333,2259.25,1774.89814814814
202112상순,24501,대파(일반),1키로단,상,1619.0,1460.25,1582.77777777777,1782.88888888888,1728.37962962962
202112중순,24501,대파(일반),1키로단,상,1217.125,1619.0,1754.22222222222,1913.375,1677.64351851851
202112하순,24501,대파(일반),1키로단,상,1322.2,1217.125,1460.25,1782.9,1581.41111111111
202201상순,24501,대파(일반),1키로단,상,1246.57142857142,1322.2,1619.0,2759.5,1761.57142857142
202201중순,24501,대파(일반),1키로단,상,1278.22222222222,1246.57142857142,1217.125,3285.33333333333,1581.87037037037
202201하순,24501,대파(일반),1키로단,상,1416.25,1278.22222222222,1322.2,3452.22222222222,1692.84444444444
202202상순,24501,대파(일반),1키로단,상,1214.5,1416.25,1246.57142857142,4306.55555555555,1935.46666666666
202202중순,24501,대파(일반),1키로단,상,1222.625,1214.5,1278.22222222222,4670.14285714285,1609.93055555555
202202하순,24501,대파(일반),1키로단,상,1412.28571428571,1222.625,1416.25,5488.83333333333,1581.7619047619
202203상순,24501,대파(일반),1키로단,상,1747.66666666666,1412.28571428571,1214.5,5175.88888888888,1738.75462962962
202203중순,24501,대파(일반),1키로단,상,1501.25,1747.66666666666,1222.625,4386.22222222222,1556.57407407407
202203하순,24501,대파(일반),1키로단,상,1309.8,1501.25,1412.28571428571,4440.88888888888,1454.37037037037
202204상순,24501,대파(일반),1키로단,상,1129.375,1309.8,1747.66666666666,4296.22222222222,1292.91203703703
202204중순,24501,대파(일반),1키로단,상,1140.55555555555,1129.375,1501.25,4370.0,1087.71759259259
202204하순,24501,대파(일반),1키로단,상,1168.33333333333,1140.55555555555,1309.8,3715.22222222222,1134.6574074074
202205상순,24501,대파(일반),1키로단,상,1409.25,1168.33333333333,1129.375,3749.0,1367.73611111111
202205중순,24501,대파(일반),1키로단,상,1325.33333333333,1409.25,1140.55555555555,2249.44444444444,1414.79166666666
202205하순,24501,대파(일반),1키로단,상,1557.22222222222,1325.33333333333,1168.33333333333,1445.55555555555,1444.61851851851
202206상순,24501,대파(일반),1키로단,상,1563.33333333333,1557.22222222222,1409.25,1183.11111111111,1279.25925925925
202206중순,24501,대파(일반),1키로단,상,1429.75,1563.33333333333,1325.33333333333,1052.75,1239.76388888888
202206하순,24501,대파(일반),1키로단,상,1620.88888888888,1429.75,1557.22222222222,850.333333333333,1206.06944444444
202207상순,24501,대파(일반),1키로단,상,1765.125,1620.88888888888,1563.33333333333,1022.22222222222,1281.86574074074
202207중순,24501,대파(일반),1키로단,상,1938.88888888888,1765.125,1429.75,884.375,1351.18518518518
202207하순,24501,대파(일반),1키로단,상,1698.77777777777,1938.88888888888,1620.88888888888,844.3,1518.07407407407
202208상순,24501,대파(일반),1키로단,상,2197.55555555555,1698.77777777777,1765.125,1382.28571428571,1801.70833333333
202208중순,24501,대파(일반),1키로단,상,2024.55555555555,2197.55555555555,1938.88888888888,1165.11111111111,1849.0
202208하순,24501,대파(일반),1키로단,상,1631.22222222222,2024.55555555555,1698.77777777777,1342.22222222222,1927.72222222222
202209상순,24501,대파(일반),1키로단,상,2060.75,1631.22222222222,2197.55555555555,1490.33333333333,2081.09259259259
202209중순,24501,대파(일반),1키로단,상,1660.28571428571,2060.75,2024.55555555555,1849.71428571428,2035.93716931216
202209하순,24501,대파(일반),1키로단,상,1694.66666666666,1660.28571428571,1631.22222222222,1274.16666666666,2003.47685185185
202210상순,24501,대파(일반),1키로단,상,2097.375,1694.66666666666,2060.75,1316.375,2229.51851851851
202210중순,24501,대파(일반),1키로단,상,1736.11111111111,2097.375,1660.28571428571,1427.55555555555,1593.19444444444
202210하순,24501,대파(일반),1키로단,상,1709.11111111111,1736.11111111111,1694.66666666666,1601.33333333333,1695.3037037037
202211상순,24501,대파(일반),1키로단,상,1867.22222222222,1709.11111111111,2097.375,1582.77777777777,1634.4074074074
202211중순,24501,대파(일반),1키로단,상,1927.5,1867.22222222222,1736.11111111111,1754.22222222222,1717.76851851851
202211하순,24501,대파(일반),1키로단,상,1645.0,1927.5,1709.11111111111,1460.25,1508.56481481481
202212상순,24501,대파(일반),1키로단,상,1597.44444444444,1645.0,1867.22222222222,1619.0,1658.92129629629
202212중순,24501,대파(일반),1키로단,상,1782.375,1597.44444444444,1927.5,1217.125,1484.18518518518
202212하순,24501,대파(일반),1키로단,상,2045.2,1782.375,1645.0,1322.2,1455.66666666666
